:020000040000fa
:10200000f0ff0320f98e00000bab0000cfac000006
:1020100043b00000f3b00000bbb1000000000000be
:10202000000000000000000000000000bba900004c
:10203000c3ae000000000000bba90000bba9000067
:10204000bba90000bba90000bba90000bba9000000
:10205000bba90000bba90000bba90000bba90000f0
:10206000bba90000bba90000f3b100000dab00004c
:10207000bba90000bba90000bba90000bba90000d0
:10208000bba90000bba90000bba90000bba90000c0
:10209000bba90000bba90000bba90000bba90000b0
:1020a000bba90000bba90000bba90000bba90000a0
:1020b000bba90000bba90000bba90000bba9000090
:1020c000bba90000bba90000bba90000bba9000080
:1020d000bba90000bba90000bba90000bba9000070
:1020e000bba90000cda70000000000000000000018
:1020f00000000000bba90000f9780000f97800009a
:10210000f9780000f978000029a1000029a1000059
:1021100029a1000029a10000bba90000bba9000063
:10212000bba90000bba90000d1a00000d1a0000005
:10213000d1a00000d1a00000bba90000bba90000f5
:10214000bba90000bba9000081a1000081a1000083
:1021500081a1000081a1000000000000000000003b
:10216000000000000000000000000000000000006f
:102170000000000000000000bba90000bba9000097
:10218000bba90000bba90000bba90000bba90000bf
:1021900000000000bba90000bba90000bba9000013
:1021a000bba90000bba90000bba90000bba900009f
:1021b000bba90000bba90000bba90000bba900008f
:1021c000bba90000bba90000bba90000bba900007f
:1021d000bba90000bba90000bba90000bba900006f
:1021e000bba90000bba90000bba90000bba900005f
:1021f000bba90000bba90000bba90000bba900004f
:10220000bba900000000000000000000bba9000006
:10221000bba90000bba90000bba90000bba900002e
:10222000bba90000bba90000bba90000bba900001e
:10223000bba90000bba90000bba90000bba900000e
:10224000bba90000bba90000bba90000bba90000fe
:10225000bba90000bba90000bba90000bba90000ee
:020000040000fa
:10226000f8b500bff8bc08bc9e467047b1a6000098
:10227000f8b500bff8bc08bc9e4670478da60000ac
:020000040000fa
:102280002de9f04f2ded0e8b9db0012008f029ffb8
:1022900020b91db0bdec0e8bbde8f08f012008f019
:1022a00091ff002008f064fd83460028f1d04ff034
:1022b000000a9feda17b8ded007b9feda18b9fed33
:1022c000a29b9feda3bb9feda4ab9feda5cb9fed84
:1022d000a6db9feda7eb9ae3a74b5879ff2876d0b2
:1022e00008f0d4fd53ec182b05f04cfc04460d46c9
:1022f000a14b187908f0cafd22462b4604f0f6fce3
:1023000053ec192b05f03efccde9000108f0bcfcb4
:102310009a4b58609a4b01229a729a4b1e221a804d
:10232000994b9e4240f0dd83934eb07808f0aefdad
:1023300053ec182b05f026fc04460d46707808f087
:10234000a5fd22462b4604f0d1fc53ec192b05f0d9
:1023500019fc08f099fc8d4b58608d4b1860884b28
:102360005b7e072b9cbf8b4a42f82300824e30795c
:1023700008f08cfd53ec182b05f004fc04460d46c8
:10238000f07808f083fd22462b4604f0affc53ecb6
:102390001b2b05f0f7fbcde9000108f075fc7e4b27
:1023a00058607e4b1860764b1b7e072b9cbf7c4a87
:1023b00042f82300b42839d97a4b01221a70c0f5ab
:1023c000b470754b5860784b1e221a6089e36b4bd2
:1023d00000225a60a4e7754b9e42a1d1664eb078a8
:1023e00008f054fd53ec182b05f0ccfbdde900237d
:1023f00004f07cfc04460d46707808f047fd224648
:102400002b4604f073fc53ec1a2b05f0bbfbcde913
:10241000000108f039fc664b5860594b1b79032bbf
:1024200000f25f83624a42f823005ae35d4b0022c8
:102430001a70c8e7554b5a685e4bbb2119705a7029
:10244000120a9a70544a5268da70120a1a715a4a79
:1024500052685a71564a52689a71120ada71574b89
:10246000574a1a6007f088f840e3564e0025514c51
:10247000d6e9000107f0f4ff8046d6e9020107f033
:10248000efff0746d6e9040107f0eaff6ff04403c7
:1024900023700135edb2657084f802804fea182888
:1024a00084f8038027713f0a6771a071000ae07108
:1024b000424b454a1a6007f05ff81836042dd7d111
:1024c00019e33c4bbb221a70404a12785a70404aba
:1024d00051789970d178d97051791971d2795a712e
:1024e000ff229a71da71354b3a4a1a6007f044f8c4
:1024f00006e3214b1b78032b0fd0042b13d0022ba8
:1025000040f00383344b1988022008f087fb334bdb
:102510001988052008f082fbf7e2314b1988082062
:1025200008f07cfbf1e22f4b1b78c3f580732e4a39
:10253000a2f8b430f3e200bf000000000000000089
:102540000000000000e06f406c216d8896e1c83ffc
:10255000427bf5f1d077773ff865bbdee577773fd3
:102560007b14ae47e17a843ffca9f1d24d62503f23
:1025700000000000000024409c5100202c85002019
:10258000f45100206a87002002fd0100cc85002064
:10259000048700208c850020ac8500200087002067
:1025a0006c850020628700207487002012f10100f2
:1025b00040860020cc4900200c850020c4860020e5
:1025c000f0dbdb00c8820020f0dcdc002c87002080
:1025d0009c860020f0dddd00c4820020b086002053
:1025e000b88600207e870020a0500020ac4b1b78ce
:1025f000ca2b21d0ab4b1b78542b40f09882b9f1f9
:10260000ef0f00f0e480a64bd978a74a1170197833
:10261000a64a11709979a64a11705979a54a117084
:102620001979a54a1170d979a44a537c23f0700313
:1026300043ea41135374e3e1994b5b78ca2bd9d138
:10264000974b9b78c12b07d0c22b0ad0cd2bd1d171
:102650009b4b04221a70cde707f06eff07f03afe9d
:1026600058e208f0dbf907f035fe53e208f060fbb2
:1026700055e2992bc0d1924b01221a70894b1b78dd
:1026800003f17f02d2b2032a00f2ba818d4a127896
:10269000d22a00f0b58103f00f04013ce4b28a4b6a
:1026a0001c708a4b7e4d2a7803f8142003eb4403f8
:1026b000874ab2f8aa205a70eb78a87800eb03207a
:1026c000844b186008f0e2fb804689466b7813f073
:1026d000010f05d0029001f100430393dde9028967
:1026e0007d4d6600331905ebc303794a108b93edda
:1026f000001b49ec108b07f0d8fe344405ebc405f1
:1027000085ed000b664c6379207900eb0320714b5b
:10271000186008f0bbfb80468946637813f0020f0f
:1027200005d0049001f100430593dde90489664b6f
:102730001e78694c7500ab1904ebc303644a108b17
:1027400093ed021b49ec108b07f0affe354404eb10
:10275000c50484ed020b524ce379a07900eb032011
:102760005c4b186008f092fbcde90001637813f030
:10277000040f07d0069001f1004307939ded067bff
:102780008ded007b504e3778534c7d00eb1904ebf8
:10279000c3034f4a108b93ed041b9ded000b07f014
:1027a00084fe3d4404ebc50484ed040b3378012b17
:1027b00000f0ec815ab2002a00f0e281022b40f0d6
:1027c0001f81464a137823f00403137018e1344b39
:1027d0001b78012b22d0022b7ff415af304b5b7896
:1027e000aa2b7ff410af2e4bdb78012b00f08f80eb
:1027f0005ab2002a7cd0022b00f09e80384b022275
:102800001a70bb225a70264a91789970d278da7081
:10281000344b354a1a6006f0affe88e1204b5b78f6
:10282000aa2b7ff4f0ae2e4b00221a715a719a71c6
:10283000da711b4bda78012a19d053b283b1022a1c
:102840001fd0274b01211970bb2159701449897879
:102850009970da70234b244a1a6006f08dfe66e107
:102860000f4b9b781549c95c1d4b1971e9e70c4b5f
:102870009978174b33f8113019490b711b0a4b71ba
:10288000dfe7074b9978194b53f8213014490b7146
:10289000180a4871180c88711b0ecb71d1e700bf64
:1028a0009c510020238700204b8700204187002077
:1028b000528700205187002050870020f4510020cb
:1028c0003187002024870020428700209c8600203a
:1028d000a0500020e8860020c88200202c8700201d
:1028e000cc490020c4860020f054ef00742800205a
:1028f000a94c2179a07808f00bfaa84ba278a84936
:102900008a5c1a7100225a719a71da7176e7a24cc8
:102910006379217901eb032189b2a07808f06cf981
:10292000a278a04b33f812209c4b1a71120a5a71ec
:1029300000229a71da7161e7974ce279a37903eb8f
:102940000222637903eb0223217901eb0321a078b2
:1029500008f076f9a278944b53f822308f4a13711d
:10296000190a5171190c91711b0ed37146e78c4bea
:102970001b79032b07d8884948780a7802eb002294
:102980008a4941f82320844b9978894a1170d97873
:10299000884a11701b79ff2b32d0874ad360804b55
:1029a000db7a032b2cd07e4b0322da7228e07a4ba1
:1029b00059781a7842ea01228049ca80d9789a78ef
:1029c00042ea01227e490a811b79ff2b03d07b4a10
:1029d000002151701370704b5b79ff2b10d0784a37
:1029e0000021917013700be0542b3ff40cae802b40
:1029f0007ff446ae6b4bb3f8aa20724b1a7000bf3f
:102a00000af1010a5ffa8af35b45bff442ac002089
:102a1000089009900a900b9008aa012106f0f8fc92
:102a20000028edd0089b5c4c0aaa03ca20606160b4
:102a3000c3f31122644c226064490a709df820108f
:102a4000634a11709df8229008220aa9184600f0e6
:102a5000d3f826685f4b9e423ff43eac5e4b9e42ed
:102a60007ff4b9ac4c4b1879da7802eb00229878f5
:102a700000eb0222587800eb02206ff07f4398426f
:102a800027d008f003fa53ec1c2b05f07bf8044622
:102a90000d46414b98795b7903eb002008f006f96d
:102aa00053ec1d2b05f06ef822462b4604f01ef960
:102ab00053ec1e2b05f066f8cde9000108f0e4f8b0
:102ac000464b5860364b5b79072b9cbf434a42f814
:102ad0002300434a137823f020031370414b1e2236
:102ae0001a603b4b1b78db2b3ff4a4ac384b1b78b4
:102af000dc2b3ff4baac364b1b78dd2b3ff4e1ac5a
:102b0000334b1b78912b3ff4f4ac314b1b78902b5b
:102b10003ff46cad2e4b1b78932b3ff4a7ad2c4ba1
:102b20001b78972b7ff4a5ad2f4b01221a70284bf1
:102b30001b78562b3ff41baf572b3ff438af582b65
:102b40007ff452af144b59781a7842ea0122274990
:102b5000ca80d9789a7842ea012225490a811b79ec
:102b6000ff2b03d0214a0021517013700a4b5b796f
:102b7000ff2b3ff445af1e4a0021917013703fe7d1
:102b80001c4a137823f00103137039e7194a1378ac
:102b900023f00203137033e79c510020cc4900203e
:102ba000f4510020a050002074280020408600200e
:102bb0009286002093860020508600202452002018
:102bc0001000002036870020cc86002024870020bb
:102bd0002387002002f801000bf501000c8500207e
:102be0003f8700206c8700205b87002094500020e6
:082bf000202700202c870020a3
:020000040000fa
:102bf800002900f077832de9f04385b00d461ab916
:102c0800002005b0bde8f0831646c0f30743020a6a
:102c1800c0f30061c4b2ef2b43d81b0243ea01435f
:102c2800b3f56e4f40f0c680072e40f25d836f1eed
:102c380000250020002100bf17f8018fa5f120030f
:102c4800c5f1200608fa03f328fa06f6334308fa12
:102c580005f202430b43104619460835402debd1c7
:102c6800fe2c00f04383c34b5b78a3425fd1c14b7a
:102c78001b78032b00f03c83be4bd3e90223994217
:102c880008bf904280f08c80204607f0e7ffb94be0
:102c98005e88fb2e50d8b74b58780023b54c1d469c
:102ca80061e01b0243ea0143d2b21343ff27b24a51
:102cb800934218bf0020a4d1012e40f233832b7811
:102cc8004fea531913f01f0840f0d08221461046ee
:102cd80007f070f98046002800f0a082012388f8e8
:102ce8000030a54ac8f8042088f8084088f8097018
:102cf80088f80a9088f80b306c78a8f80c40002304
:102d0800a8f80e304b23a8f81030c82c00f29b828c
:102d18002746062c28bf0627bb1c9e4280f09882b7
:102d2800b8f80e30a34280f09c82012069e7204663
:102d380007f094ff012064e703221a70fe2007f0d1
:102d480015fb01205de728464109043100f01f0208
:102d580054f8211021fa02f212f0010f0ad00133bf
:102d68009bb2fc2b14d0fb28edd00130c0b2fb285d
:102d7800f5d8e9e7fb2b0bd87e4a5070731c5380bb
:102d8800192393800124147007f0f0fa204638e7dd
:102d9800784b03221a70fe2007f0e8fa012030e78a
:102da800744b19229a8001251d70204607f0defa1f
:102db800284626e7d7b2b3f56a4f71d1022e01d85b
:102dc80001201ee76a78ab781b0443ea02232a78bd
:102dd8001343ff2f1dd0674a1278022a40f08a82d7
:102de800644a5278ba4240f08782644a934241d09a
:102df80040f29c82624a93424ad045d301329342c0
:102e08004ad00132934240f0a78207f001f901202d
:102e1800f7e6584a1278022a00f0bf82b3f56e4fdf
:102e280040f06c82fe2007f0a1fa0120e9e6514b40
:102e38005878f8e7ff2f4ff0000114bf20463846b6
:102e480005f024ff0120dce6ff2f08bf3c4679e2ad
:102e5800ff2f08bf3c4600222146012005f070fee6
:102e6800444b012083f84e05002283f84f2583f850
:102e78005045c6e63f4b93f8300000287ff4c1aeba
:102e880007f0bcfb0120bce606f0aaff0120b8e66b
:102e980006f014ff0120b4e606f046fe0120b0e675
:102ea800b3f56c4f40f0f180072e40f22b822a7860
:102eb8006878a979eb791b0443ea01236e791e43ec
:102ec80002f0fd03112b12d0ff2a10d0ab7840ea94
:102ed800032195f80380274b1b78022b43d0202a27
:102ee80040f01a82b1f5807f4cd9012089e6214b48
:102ef80093f810138b1edbb2022b00f205821d4bd8
:102f080093f81933a34240f001821a4bd3f81433d3
:102f18009e4240f0fd81112a0ad0132a19d0ff2ab7
:102f280040f0f881134b002283f81023012068e653
:102f3800022901d0012064e60e4b83f82203aa7807
:102f480083f823230120a3f81e03032283f8102308
:102f580057e6042901d0012053e6064b002283f8e6
:102f6800102301204de6202abcd0102a2ad00120a7
:102f780047e600bfe874002000ed0100b8ff01003b
:102f8800baff0100ca48012580f82454c0f8286413
:102f980080f82c4480f82d74a0f82e1480f8308422
:102fa80080f831540021a0f8321480f836547d237b
:102fb800a0f834344ff4807200f2374008f07af801
:102fc80028461ee6ba4b5b78bb425cd1b1f5807fe0
:102fd8003cd8b748012580f82454c0f8286480f804
:102fe8002c4480f82d74a0f82e1480f8308480f8d2
:102ff80031540021a0f8321480f836147d23a0f84b
:1030080034344ff4807200f2374008f053f811233b
:103018008df808308df809808df80a50ff238df857
:103028000b308df80c308df80d60330a8df80e30aa
:10303800330c8df80f30082300936b4422464ff46d
:103048006c41062007f0baf92846dae5ff238df827
:10305800083001228df809208df80c308df80b30de
:103068008df80a308df80d60330a8df80e30330c68
:103078008df80f30082300936b4422464ff46c41bf
:10308800062007f09bf90120bbe5b3f56b4f7ff4f1
:103098000eae874b93f82434012b40f03f81844bcc
:1030a80093f82c34a34240f03b812b78804a92f865
:1030b80031249a4205d07e4b002283f82424012033
:1030c8009fe5c3ebc303073b9bb2794ab2f82e24b2
:1030d800934208d2d41aa4b22cb1072c28bf0724d3
:1030e800621c964210d2724a92f83134013382f847
:1030f80031347d23a2f83434b2f82e34b2f83224b5
:103108009a420fd201207ce5694e03f237432246ea
:10311800691cf01807f0a8feb6f832341c44a6f86b
:103128003244e0e7624a92f836247ab1604bd3f829
:1031380028344ff6d86293422dd05e4a93425cd031
:103148005b4b002283f8242401205ae513228df8d2
:1031580008208df809301b0a8df80a30544a92f875
:1031680030348df80b30ff238df80c30d2f828342a
:103178008df80d30190a8df80e101b0c8df80f30d4
:10318800082300936b4492f82c244ff46c410620da
:1031980007f014f9cae7464bb3f82e34082bcfd9f9
:1031a800454e00240020002116f8017ba4f12003dd
:1031b800c4f1200507fa03f327fa05f52b4307faac
:1031c80004f202430b43104619460834402cebd155
:1031d800374bd3e90223994208bf9042b0d1344b10
:1031e80093f83f04fb28abd8587001225a80192164
:1031f80099801a7007f0baf8a2e72d4890f836348b
:1032080083f001030093b0f82e3400f2374290f8af
:103218002d1490f82c0401f02bf891e7244b93f827
:10322800583173b1224b93f83402012300287ff4fc
:10323800e8ac1f4a4ff0dc0808fb032303f5ac7821
:103248004ce50023f5e7002388f800300120d8e496
:103258003a46a91c08f1120007f006fea8f80e70fd
:103268005ee5404607f006fc0120cae42146114805
:1032780006f0a0fe0446002856d0837a4b4502d1ba
:10328800c37a434503d0002323700120b9e4c389de
:103298008789ff1abfb2072f28bf07277a1c9642d3
:1032a8000cd2e289a3899a4217d20120a9e400bf6f
:1032b800e874002000ed01001f79002012333a461f
:1032c800691c184407f0d0fde3891f44e781e37abd
:1032d8000133e3724b232382e3e7204607f0cafb5e
:1032e80001208ee40020704701208ae4012088e450
:1032f800012086e4012084e4012082e4012080e4a6
:1033080001207ee401207ce401207ae4012078e4b5
:10331800012076e4012074e4012072e4012070e4c5
:1033280001206ee401206ce401206ae4b3f5f73f64
:103338003ff48ead0cd92e4a93423ff47bad023256
:10334800934209d10021204605f016fe012058e4d9
:10335800b3f56e4f3ff46badff2fd1d001258df83b
:103368000850ff228df809208df80a208df80b20cf
:103378008df80c208df80d301a0a8df80e201b0cd4
:103388008df80f30082300936b4422464ff46841b0
:10339800062007f013f8284633e4164a93423ff410
:1033a80069ad14d8b3f5f73f3ff452ad05d8b3f57e
:1033b8006e4f3ff43cad012023e40d4a93423ff4a5
:1033c80039ad023293423ff43fad012019e40a4a75
:1033d80093423ff45dadfff457ad013293423ff4a1
:1033e8005bad013293423ff410ad012009e400bf08
:0c33f80014f00100b8ff0100baff010052
:020000040000fa
:103404002de9f04fb1b03222002123a807f054fe79
:10341400ac4b1d7815b931b0bde8f08f2a46aa49e6
:1034240023a807f023fd0023a64a1370a74a1268b5
:103434001d92a74a52691292a64a12780f92a6497f
:10344400ca791092a54a12780d92a54a5269199226
:10345400a44a12681392a44a927e2192a34a127833
:103464001b92a34a52691692a24a526915928a790a
:103474000b924a7909920a79079291f801a09e4a1f
:103484001278c8780590887804900e789b4991f852
:1034940000b09b4991f8008023ac013d0df18d01f2
:1034a40051fa85f520931f931e9311931c931a933d
:1034b4001793189314930c930a9308930e930693fb
:1034c4000393029399461f46019326e2a1f1410317
:1034d4000f2b11d8dfe813f0440210004402440219
:1034e4004402100010001000100010001000100022
:1034f4001000100010004402012300220ae2442eae
:103504000bd0452e0fd0432e13d0412e17d1642952
:1035140000f03b8201230022fce1642900f02682b2
:1035240001230022f6e1642900f025820123002210
:10353400f0e1642900f0248201230022eae1502e04
:1035440004d18a46012302930322e3e101230022ea
:10355400e0e1442e0cd0452e11d0432e16d0412e3e
:103564001bd1baf1640f00f0248201230022d1e1bf
:10357400baf1640f00f00e8201230022cae1baf10d
:10358400640f00f00c8201230022c3e1baf1640f3e
:1035940000f00a8201230022bce1502e04d10491e0
:1035a400012303930422b5e101230022b2e1442e56
:1035b4000ad0452e0fd0432e14d0412e19d0502eb0
:1035c4001ed001230022a5e1baf1640f00f0f681b8
:1035d400012300229ee1baf1640f00f0f48101237b
:1035e400002297e1baf1640f00f0f2810123002276
:1035f40090e1baf1640f00f0f0810123002289e127
:103604003a2900f0ef813d2900f0f38101230022e3
:1036140080e1442e0cd0452e11d0432e16d0412edd
:103624001bd1baf1640f00f0f8810123002271e18b
:10363400baf1640f00f0e281012300226ae1baf1d9
:10364400640f00f0e0810123002263e1baf1640f0a
:1036540000f0de81012300225ce1502e04d10791a9
:1036640001230893062255e10123002252e1442e4e
:103674000cd0452e11d0432e16d0412e1bd1baf1b9
:10368400640f00f0de810123002243e1baf1640fec
:1036940000f0c881012300223ce1baf1640f00f07c
:1036a400c6810123002235e1baf1640f00f0c48120
:1036b400012300222ee1502e24d1099101230a93e3
:1036c400072227e1378700204c8400206c870020e4
:1036d4000c8500203f870020608200203387002073
:1036e400ac85002074870020f451002062870020fc
:1036f4002c850020cc8500203287002054870020b0
:10370400538700200123002204e1442e0cd0452ecf
:1037140011d0432e16d0412e1bd1baf1640f00f004
:10372400a48101230022f5e0baf1640f00f08e8138
:1037340001230022eee0baf1640f00f08c81012332
:103744000022e7e0baf1640f00f08a81012300222d
:10375400e0e0502e04d10b9101230c930822d9e010
:1037640001230022d6e0442e0cd0412e32d0452e27
:103774005cd0432e7ed1baf1640f00f07b8101232b
:103784000022c7e0baf1640f02d001230022c1e095
:103794004b2902d001230022bce0059b202b0cd036
:1037a4000b9a0799059807f00ffc159001231893bd
:1037b40014931e2213920022ace0079b303bdbb231
:1037c40003eb83030b9a303a02eb430303f0ff034a
:1037d4001593ebe7baf1640f02d00123002299e0bc
:1037e4004b2902d00123002294e0079b2e2b05d005
:1037f400099b2e2b11d0012300228be0059b303b2b
:10380400dbb203eb8303099a303a02eb430303f080
:10381400ff03169301231793ede70b9a0799059875
:1038240007f0d2fb169001231793e4e7baf1640f73
:1038340002d0012300226de0442902d0012300229a
:1038440068e00b9a0999079807f0befb1990219b31
:10385400052b06d001231a9314931e2213920022df
:1038640058e0049b502b14bf002301231b93012316
:103874001c93efe7502e06d11091012311930e9360
:103884000d93002246e00123002243e0baf1640fc5
:1038940002d0012300223de0462902d00123002268
:1038a40038e0059b202b12d0049b202b20d00f9bab
:1038b40003f0df0343f040030f930023129301232b
:1038c40020931f931e931e221d92002222e0079b29
:1038d400303bdbb203eb83030b9a303a02eb430336
:1038e40003f0ff0312930f9b03f09f030f93e6e78c
:1038f4000b9a0799059807f067fb12900f9b03f04a
:103904009f030f93dbe701274ff000080197c3469d
:103914003b463a46ac4200f0b28014f8011b24291d
:10392400f1d0012a3ff4d2ad022a3ff4e8ad032ad4
:103934003ff40fae042a3ff43aae052a3ff469aed1
:10394400062a3ff494ae072a3ff4dfae082a3ff478
:103954000aaf092aded1432e98d001230022d9e7e9
:103964000e464ff001094b460222d3e78a46012353
:1039740002930322cee78a46012302930322c9e776
:103984008a46012302930322c4e78a460123029351
:103994000322bfe70491012303930422bae70491ad
:1039a400012303930422b5e7049101230393042222
:1039b400b0e70491012303930422abe705910123ab
:1039c40006930522a6e70591012306930522a1e7a4
:1039d40005910123069305229ce705910123069393
:1039e400052297e7059101230e930d930693002278
:1039f40090e705910123069305228be707910123a4
:103a04000893062286e7079101230893062281e79b
:103a140007910123089306227ce707910123089369
:103a2400062277e7099101230a93072272e7099195
:103a340001230a9307226de7099101230a930722c0
:103a440068e7099101230a93072263e70b91012395
:103a54000c9308225ee70b9101230c93082259e78b
:103a64000b9101230c93082254e70b9101230c932f
:103a740008224fe710910123119309224ae70bb161
:103a8400394b1a70019b13b1384b83f800b017b14e
:103a9400374b83f80080b9f1000f01d0354b1e700d
:103aa400029b13b1334b83f801a0039b002b3ad143
:103ab400069b002b3bd10e9b002b3cd1089b002b7b
:103ac4003dd10a9b002b3ed10c9b002b3fd1149b74
:103ad400002b40d1189b002b41d1179b13b1264bcf
:103ae400169a5a611a9b13b1244b199a5a611c9b5a
:103af40013b1234b1b9a1a70119b13b11d4b109acf
:103b0400da711e9b13b11f4b1d9a1a601f9b13b1d0
:103b14001d4b0f9a1a70209b002b3ff47cac1b4b5f
:103b2400129a5a6177e4134b049a9a70c0e7114bc6
:103b3400059ada70bfe7164b0d9a1a70bee70d4b63
:103b4400079a1a71bde70b4b099a5a71bce7094be6
:103b54000b9a9a71bbe70f4b139a1a60bae70e4b94
:103b6400159a5a61b9e700bf3287002054870020b4
:103b740053870020608200202c850020ac85002023
:103b8400628700206c8700203f8700200c8500207e
:0c3b94003387002074870020cc850020bf
:020000040000fa
:103ba0002de9f04713283bd8dfe810f014006c0033
:103bb0009300ba00e100fa00210148016f0196016b
:103bc000d801ff0126024d0274029b02c202e902e3
:103bd00010033703da4b186807f058f906460f460a
:103be000dff874a3baf8040007f050f902460b4658
:103bf0003046394607f0f6fa06460f46d14b1868ac
:103c000007f044f980468946baf8100007f03ef9fb
:103c100002460b464046494607f0e4fa804689468c
:103c2000002200233046394606f096fe58b9324647
:103c30003b464046494603f078f941ec100b03f04f
:103c40007bfb55ec104bb8a3d3e900232046294653
:103c500003f098ff04460d460022bb4b03f046f8e4
:103c600007f012f8b94b1870b94bb3f8b40007f06d
:103c70001df822462b4603f039f807f005f8c0b2cc
:103c8000bde8f087ae4b186807f000f906460f460e
:103c9000dff8c482b8f8040007f0f8f802460b46d3
:103ca0003046394607f09efa06460f46b8f810002f
:103cb00007f0ecf880468946a24b186807f0e6f852
:103cc00002460b464046494607f08cfa8046894634
:103cd000a6e79b4b186807f0d9f806460f46dff8b1
:103ce00078a2baf8040007f0d1f802460b46304635
:103cf000394607f077fa06460f46964b186807f0e4
:103d0000c5f880468946baf80a0007f0bff80246af
:103d10000b464046494607f065fa804689467fe7ec
:103d2000874b186807f0b2f806460f46dff828827e
:103d3000b8f8040007f0aaf802460b4630463946a8
:103d400007f050fa06460f46b8f80a0007f09ef84a
:103d5000804689467f4b186807f098f802460b4664
:103d60004046494607f03efa8046894658e7754b7b
:103d7000186807f08bf802460b466da1d1e90001e7
:103d800007f030fa06460f46724b186807f07ef8c7
:103d900069a3d3e9002307f025fa804689463fe767
:103da000dff8b481b8f8100007f070f806460f4647
:103db000644b186807f06af802460b4630463946ed
:103dc00007f010fa06460f46b8f80a0007f05ef84a
:103dd000804689465f4b186807f058f802460b4644
:103de0004046494607f0fef98046894618e7dff865
:103df00068a1baf8100007f049f806460f46514b83
:103e0000186807f043f802460b463046394607f07b
:103e1000e9f906460f464a4b186807f037f880461e
:103e20008946baf8040007f031f802460b464046ce
:103e3000494607f0d7f980468946f1e6dff8188150
:103e4000b8f8100007f022f806460f463d4b1868f8
:103e500007f01cf802460b463046394607f0c2f917
:103e600006460f46b8f8040007f010f88046894669
:103e7000334b186807f00af802460b46404649469d
:103e800007f0b0f980468946cae62e4b186806f05e
:103e9000fdff06460f46dff8c0a0baf8100006f096
:103ea000f5ff02460b463046394607f09bf90646b9
:103eb0000f46284b186806f0e9ff80468946baf895
:103ec0000a0006f0e3ff02460b464046494607f06b
:103ed00089f980468946a3e61a4b186806f0d6ff92
:103ee00006460f46dff87080b8f8100006f0ceffe7
:103ef00002460b463046394607f074f906460f462f
:103f0000b8f80a0006f0c2ff80468946114b1868cf
:103f100006f0bcff02460b464046494607f062f9f0
:103f2000804689467ce600bf12143fc6dca54c40a3
:103f30000000000040cdd440000000008030d4409c
:103f4000c4820020b8860020000060407e870020e8
:103f5000a0500020b0860020a4510020c24b186859
:103f600006f094ff06460f46dff808a3baf81000e3
:103f700006f08cff02460b463046394607f032f910
:103f800006460f46b94b186806f080ff8046894602
:103f9000baf8040006f07aff02460b46404649464e
:103fa00007f020f9804689463ae6af4b186806f0dc
:103fb0006dff06460f46dff8bc82b8f8100006f029
:103fc00065ff02460b463046394607f00bf90646b8
:103fd0000f46b8f8040006f059ff80468946a34b07
:103fe000186806f053ff02460b464046494607f064
:103ff000f9f88046894613e69d4b186806f046ff9f
:1040000006460f46dff86ca2baf80a0006f03eff3b
:1040100002460b463046394607f0e4f806460f469e
:10402000914b186806f032ff80468946baf81000b6
:1040300006f02cff02460b464046494607f0d2f8f0
:1040400080468946ece58a4b186806f01fff064655
:104050000f46dff82082b8f80a0006f017ff024684
:104060000b463046394607f0bdf806460f46b8f80d
:10407000100006f00bff804689467b4b186806f05f
:1040800005ff02460b464046494607f0abf880461e
:104090008946c5e5764b186806f0f8fe06460f46d9
:1040a000dff8d0a1baf80a0006f0f0fe02460b468f
:1040b0003046394607f096f806460f466b4b1868af
:1040c00006f0e4fe80468946baf8040006f0defefb
:1040d00002460b464046494607f084f8804689462a
:1040e0009ee5634b186806f0d1fe06460f46dff8e2
:1040f0008481b8f80a0006f0c9fe02460b46304635
:10410000394607f06ff806460f46b8f8040006f087
:10411000bdfe80468946554b186806f0b7fe02463c
:104120000b464046494607f05df88046894677e5ec
:10413000dff840a1baf80a0006f0a8fe06460f46ce
:104140004b4b186806f0a2fe02460b463046394635
:1041500007f048f806460f46434b186806f096feef
:1041600080468946baf8100006f090fe02460b46db
:104170004046494607f036f88046894650e5dff864
:10418000f480b8f80a0006f081fe06460f46384b68
:10419000186806f07bfe02460b463046394607f0ab
:1041a00021f806460f46b8f8100006f06ffe80466c
:1041b00089462d4b186806f069fe02460b464046bc
:1041c000494607f00ff88046894629e5dff8a4a0a4
:1041d000baf80a0006f05afe06460f46244b186845
:1041e00006f054fe02460b463046394606f0faff0a
:1041f00006460f461d4b186806f048fe8046894665
:10420000baf8040006f042fe02460b464046494614
:1042100006f0e8ff8046894602e5dff85880b8f8e6
:104220000a0006f033fe06460f46114b186806f0ea
:104230002dfe02460b463046394606f0d3ff0646b1
:104240000f46b8f8040006f021fe80468946074b69
:10425000186806f01bfe02460b464046494606f02b
:10426000c1ff80468946dbe4b8860020c482002076
:08427000b0860020a4510020db
:020000040000fa
:104278002de9f04f95b09df878a0032b40f2748299
:10428800b34c94f80090b9f1020f40f06d821d46ce
:1042980014460e4603901778937892f803804feaf5
:1042a800084848ea0328537848ea0308002f40f0f2
:1042b8005982a84b98451ed0b8f5f73f00f0028206
:1042c80040f28980a44b984500f0b08102339845ac
:1042d80040f03f820a2d40f2e681937a002b00f0ed
:1042e800e281ff2900f04082032300229b490398c2
:1042f80006f0d6fd38e2072d10d90a2d17d9937a82
:10430800abb1ff2900f0308200230193ff22009215
:1043180004229049039805f087fa25e2ff2900f066
:104328002382002301228b4906f0bafd1ce2a27900
:10433800e3791b0643ea024322791343627943ea8d
:104348000223b3f1ff3f13d013f1020f1dd0a3f5e1
:104358007a714ff61442914230d87d4ac2f8383506
:104368000023c2f83c35ff2e22d105f097fafbe175
:10437800ff2e00f0f98100230193ff22009204220e
:104388007449039805f050faeee1714b4ef660223d
:10439800c3f838250022c3f83c25ff2e02d105f0ca
:1043a8007dfae1e113466b49039806f079fdf6e7db
:1043b8001a466849039806f073fdd6e7ff2e00f009
:1043c800d38100230193ff220092042261490398bc
:1043d80005f02afac8e1b8f56e4f40f0ba81ff231c
:1043e8008df848308df849308df84a308df84b30cb
:1043f8008df84c308df84d308df84e308df84f30ab
:104408000a2d40f2f880937a0593002b00f0f38090
:1044180001335b0807934e4b9a68db68d90f1191fb
:10442800c3f302711091c3f303610f91c3f34641c3
:104438000e91c3f307210d91c3f3c4010c9103f04e
:1044480007030b93530d0a93c2f3140309934ff018
:10445800000a012304934ff00b0b089706965ae0c5
:1044680004216de000231f4619f8012f4feac30c01
:1044780002fa0cf217430133dab29142f4d8384009
:1044880008f1ff38b8f1090f28d8dfe808f0051758
:10449800191b1d271f212325099b089a984218bf1d
:1044a80003221746049a984218bf002204920bf17f
:1044b800010b11fa8bf11ffa81fb14e00a9bece760
:1044c8000b9beae70c9be8e70d9be6e70e9be4e70e
:1044d8000f9be2e7109be0e7119bdee70023dce798
:1044e8000327002304937308baf1100f3cd016f089
:1044f800010f12a9ca5c07bf22f00f023a4302f06b
:104508000f0242ea0712ca540af1010a5ffa8af353
:10451800059a9a4228d95ffa8af60bf10107af4249
:10452800ded804eb0b0914f80b80404606f044f87b
:10453800b8f1010f94d0b8f1020f0cbf4146012128
:1045480070b10f44bd428dd2032700230493cae7fc
:10455800e874002011f0010014f0010016f00100c9
:10456800032700230493bee7069e049b002b42d139
:10457800ff2e00f0f980b64b93f81536082b49d07a
:10458800b34b93f8154693f81426224402f0070219
:104598005000811803ebc101039d81f854554ff475
:1045a8006e45c1f85855002581f85c5581f85d5570
:1045b800059e81f85e6581f85f55079d082d28bf27
:1045c80008250df14701104403ebc00303f5ac6364
:1045d8004e1900bf11f8010f03f8010f8e42f9d1ef
:1045e8009b4902eb420201ebc20383f86055013498
:1045f80081f81546b8e0964b587805f0b7feff2ebf
:1046080000f0b28000231a464ff46e41039806f07a
:1046180047fca9e08e4a92f81436013303f00703e9
:1046280082f81436072382f81536a9e700238df897
:10463800483012aa0192022200920a2229462046f4
:1046480005f00afbd8b14278037843ea02239df8c3
:104658004820012a0bd0022a20d0ff2e00f08480a7
:10466800032300227b49039806f01afc7ce040f6fd
:104678003402934214bf00230123002bedd0ff2ef8
:1046880000f0d5805146039c204604f0fffa002331
:104698001a467049204606f003fc65e0012b14bf5a
:1046a80000230123e9e7ff2e00f0c6805146039c52
:1046b800204604f061fc00231a466749204606f0ac
:1046c800effb51e0ff2900f0f48000238df848301b
:1046d80012aa0192012200920a222946204605f0d8
:1046e800bbfa0246002800f0bf8003999df84830c5
:1046f800012b09d0ff2e37d0042300224ff4f731c5
:10470800039806f0cdfb2fe013785bb1012b17d08f
:10471800ff2e29d0032300224ff4f731039806f027
:10472800bffb21e05246012004f00afaff2e1bd0fd
:1047380000231a464ff4f731039806f0b1fb13e053
:10474800434b012283f84e2583f84fa583f8501573
:10475800ece7ff2e08d0002301224146039806f01b
:104768009ffb01e0012f02d015b0bde8f08fff29b3
:10477800fad03a4b98452ed01079b8f5684f60d0ea
:10478800374b03f1340100bf53f8042f904558d03c
:104798008b42f9d1b8f56a4f53d0324b03f124015b
:1047a80053f8042f90454cd08b42f9d13e464ff038
:1047b8000009052d31d963797bb3b8f56e4f16d052
:1047c80004270197012300934b463246414603983c
:1047d80005f02af8c8e700230193ff22009204227b
:1047e8001e49039805f020f8bee70026e1e7072deb
:1047f8000fd9a579e479284605f0defe6b1edbb2f9
:10480800012b08d908b90427dbe7844298bf04279d
:10481800d7e70427d5e70427d3e7002301930093bc
:104828004b4632464146039804f0feff9ce751464a
:10483800ff2004f02bfa97e75146ff2004f09cfb79
:1048480092e700f00f000828cfd80026b146b0e75d
:10485800e874002014f0010016f0010011f00100c6
:10486800b4a8000064ab00005246039c2146012016
:1048780004f066f9174b012283f84e2583f84fa5fb
:1048880083f8504500231a464ff4f731204606f0c6
:1048980007fb69e75246ff21012004f051f90d4b4f
:1048a800012283f84e2583f84fa5ff2283f850256f
:1048b8005ae700238df8483012aa0192012200928b
:1048c8000a222946204605f0c7f902460028e1d009
:0848d80031460be7e8740020f3
:020000040000fa
:1048e000ec85002054000000000000005e820020e3
:1048f0000200000000000000948600200800000074
:1049000000000000708600200c0000000000000085
:104910007b8300200100000000000000e0840020f4
:104920002c00000000000000808400203000000007
:1049300000000000007b00200004000000000000d8
:10494000cc8300204000000000000000b084002064
:1049500030000000000000007e8400200100000004
:1049600000000000c48200200400000000000000dd
:10497000a48600200400000000000000b086002093
:1049800010000000000000007f84002001000000f3
:1049900000000000868600200200000000000000e9
:1049a000928600200200000000000000e574002054
:1049b0000100000000000000e6740020010000007b
:1049c00000000000c086002004000000000000007d
:1049d000e774002001000000000000001d87002097
:1049e00003000000000000002087002002000000fb
:1049f00000000000008100205e01000000000000b7
:104a0000228700200100000000000000c486002072
:104a100004000000000000002387002002000000c6
:104a20000000000040860020100000000000000090
:104a30000c850020200000000000000025870020d9
:104a40000100000000000000268700200300000095
:104a5000000000002c850020200000000000000065
:104a60005086002010000000000000002987002070
:104a700001000000000000002a8700200200000062
:104a8000000000002c870020020000000000000051
:104a90002e87002002000000000000002883002074
:104aa00053000000000000003087002001000000db
:104ab00000000000c8860020040000000000000084
:104ac000318700200100000000000000cc8600209b
:104ad0000400000000000000d08600200400000058
:104ae00000000000328700200100000000000000ec
:104af0003387002001000000000000003487002000
:104b00000200000000000000c882002060000000d9
:104b1000000000009c86002008000000000000004b
:104b20000c840020400000000000000036870020b8
:104b3000010000000000000060820020640000000e
:104b40000000000037870020020000000000000085
:104b50004c84002032000000000000003987002053
:104b600003000000000000003c870020010000005e
:104b7000000000004c850020200000000000000024
:104b80003d8700200100000000000000608600203a
:104b900010000000000000003e870020010000001f
:104ba00000000000d4860020040000000000000087
:104bb0006c8500204000000000000000d886002026
:104bc00008000000000000003f87002001000000f6
:104bd00000000000ac850020200000000000000064
:104be000e08600200400000000000000cc850020ca
:104bf00020000000000000004087002001000000ad
:104c000000000000418700200100000000000000bb
:104c100042870020010000000000000043870020c0
:104c20000600000000000000e486002004000000f0
:104c300000000000e88600200400000000000000e2
:104c40004987002001000000000000004a87002082
:104c50000100000000000000ec86002004000000bd
:104c6000000000004b870020010000000000000051
:104c70004c87002001000000000000004d8700204c
:104c800001000000000000004e870020010000002d
:104c9000000000004f87002002000000000000001c
:104ca0005187002001000000000000005287002012
:104cb00001000000000000005387002003000000f6
:104cc00000000000568700200400000000000000e3
:104cd0005a87002001000000000000007c860020b0
:104ce0000a000000000000001c87002001000000f6
:104cf00000000000888600200a000000000000007c
:104d00005b8700200100000000000000f08600200a
:104d10000400000000000000f486002008000000ed
:104d2000000000005c87002001000000000000007f
:104d3000fc86002004000000000000005d870020c9
:104d400002000000000000005f870020010000005a
:104d5000000000006087002001000000000000004b
:104d60006187002001000000000000000087002093
:104d70000400000000000000a886002008000000d9
:104d80000000000062870020010000000000000019
:104d9000048700200400000000000000638700205a
:104da00001000000000000007c87002001000000de
:104db00001000000010000006c87002004000000da
:104dc000010000001e0000007d870020010000009f
:104dd00001000000050000006a87002002000000ba
:104de000010000001e000000708700200400000089
:104df00001000000a08c00007e8700200100000060
:104e00000100000080000000748700200400000002
:104e1000010000001e000000100000207052000081
:104e2000000000007f87002001000000010000005a
:104e30000100000080520020580200000000000025
:104e400064870020040000000000000008870020a4
:104e5000080000000000000068870020010000003a
:104e600000000000007f00200002000000000000a1
:104e7000d85400200d200000000000001087002002
:104e8000040000000000000069870020010000000d
:104e900000000000808700200100000001000000e9
:104ea000510000007887002004000000010000008d
:104eb00009000000e874002018060000000000004f
:104ec0001487002004000000000000007c83002004
:104ed00050000000000000001887002004000000bf
:104ee000000000000000000000000000666666662a
:020000040000fa
:104ef000f0b589b0b94b1b78012b73d05ab2002a98
:104f000066d0022b7cd0b54b93f84e35d3b1b34b62
:104f100093f83030002b40f02a82b04b93f81033d6
:104f2000002b40f01d82ad4b1b78022b40f0168108
:104f3000aa4b002083f84e0593f84f2593f850159f
:104f400003f002fea54b93f81536002b00f0fe800f
:104f5000a24b93f83030002b40f0fc809f4b1b7825
:104f6000022b40f0fb809d4d95f8144666003319e6
:104f700005ebc30393f85415d3f8580593f85c2553
:104f800093f85dc593f85e7593f85fe593f8605507
:104f900002238df808308df80900030a8df80a30d5
:104fa000000c8df80b0002f00f0343ea0c138df890
:104fb0000c308df80d70ff2f00f0b680002f40f000
:104fc0008b80ff238df80e308df80f300823ace076
:104fd000824b01225a80192199801a70587805f065
:104fe000c9f990e77d4b9b88002b8cd0013b9bb28d
:104ff0007a4a9380002b86d1134602221a7082e7e8
:10500000764ad2f83c350a33c2f83c35d2f8382516
:1050100093423fd2714bb3f844250a32a3f844259a
:10502000b3f846250a32a3f84625b3f848250a32d4
:10503000a3f84825b3f84a250a3292b2a3f84a25c4
:10504000b3f84c150a31a3f84c15632a29d8634be1
:10505000b3f84435c72b03d9604b93f8303033b3e2
:105060005e4bb3f84635b3f57a7f27d25b4bb3f886
:105070004835b3f57a7f28d2584bb3f84c35b3f5a1
:105080007a7ffff440af554b0022a3f84c2504f083
:10509000c3ff38e7514b0022c3f83c2504f002fc63
:1050a000b8e70022a3f84a2504f042fdcfe74b4bb6
:1050b0000022a3f8442505f0a5fad1e7474b0022ca
:1050c000a3f8462504f090fed0e7444b0022a3f855
:1050d000482504f0f7fdcfe7edb1102d28bf1025ce
:1050e00004eb44023d4b03ebc20202f5ac620df14e
:1050f0000d035e1912f8010f03f8010fb342f9d145
:10510000adb2ab1d072b10d808aa1344ff2203f839
:10511000182ceb1d09e06ef00f0e8df80ee0ff234a
:105120008df80f30082300e00623009302ab032222
:105130002b4803f0e1fa294b013404f0070483f80b
:10514000144693f81526013a83f81526234b93f855
:1051500030301bb1214b1b78022b43d01f4b93f8ef
:1051600058316bb11d4bb3f868314bb1013b9bb269
:105170001a4aa2f868311bb91346002283f8582155
:10518000164b93f834326bb1144bb3f844324bb135
:10519000013b9bb2114aa2f844321bb913460022cc
:1051a00083f834220d4b93f810437cb11b78022b0b
:1051b0000cd1022c60d0042c5ed0084bb3f81e3307
:1051c000002b6ad0013b054aa2f81e33034b93f82b
:1051d0002434012b00f0878009b0f0bde874002072
:1051e00000ed01004ff0ff3302930393634b93f8fc
:1051f0003b2093f83a1002f01f0343ea41138df865
:10520000083032bb5d4dac8f8df80940062c28bfad
:105210000624224605f140010df10a0005f028fea2
:10522000ec87564c082300936b4494f83820616b4c
:1052300094f8390005f0c6f894f83b30013384f84f
:105240003b30e28fa38f9a4224bf002284f83020a3
:1052500084e74a4ef58fb48f641ba4b2072c28bf95
:10526000072405f14001224631440df1090005f003
:10527000fffd2c44f487d4e7404bb3f82033002bd8
:10528000a4d0013b9bb23d4aa2f82033002b9dd114
:105290001346002283f8102398e74ff0ff33029360
:1052a0000393364a92f81d33c3ebc30189b2b2f8b7
:1052b0001a2391422ad2521a92b201338df8083041
:1052c0003ab3072a28bf07222d4b19440df10900d4
:1052d00005f0cefd1de0294b042283f810237d222a
:1052e000a3f8202372e7254bb3f83434002b3ff4a6
:1052f00073af013b9bb2214aa2f83434002b7ff4f8
:105300006baf1346002283f8242465e701338df840
:105310000830012c1abf194b93f81923ff220823d8
:1053200000936b444ff46b41062005f04bf8134a91
:1053300092f81d330133dbb282f81d330521a2f848
:105340001e1392f81c239a423ff640af0b4b93f882
:105350001033032bbfd0094b002283f8102335e70d
:10536000064b93f81536002b7ff4f8adf6e6034ba9
:1053700093f81536002b7ff4ebadebe6e8740020d4
:045380000c78002085
:020000040000fa
:10538400f8b5ad4b1b78112b1cd8dfe813f01200d5
:105394001c003e00480052005c0066009201d500eb
:1053a400ec001301290196013f01ac0177018b0147
:1053b400c2012c22a1494ff4817004f015f99e4bcf
:1053c40001221a70f8bd9d4b1b781b2b09d09c4bf6
:1053d4001b788bb1013b9a4a1370974b00221a70c9
:1053e400f0e70020974b1870fc22974904f036f937
:1053f400914b02221a70e5e7924a137843f00103b5
:1054040013708d4b06221a70dce72e228f4940f26e
:105414006f1004f023f9884b03221a70d2e7162286
:105424008b4940f24b1004f019f9834b04221a7093
:10543400c8e7102287494ff4b07004f00ff97e4b8f
:1054440005221a70bee7202283494ff4977004f0b6
:105454003ff9794b06221a70b4e705f0c1fc064601
:105464007e4b187005f0cafc05467d4b187005f09c
:10547400a9fc7c4b187005f0ebfc07467a4b1870be
:1054840005f0cafc0446794b187005f0d3fc784b40
:105494001870714bdb699f4204d06a4a137843f059
:1054a40008031370684b93f8fa309e4204d0654a9f
:1054b400137843f004031370644b93f82c309d422b
:1054c40004d0604a137843f040031370604b9b8a06
:1054d400a34204d05b4a137843f0100313705d4b6e
:1054e400db89834219d0574b1c7844f020041c708c
:1054f400524b93f82b5005f065fc854203d0514b79
:105504001c7844f0020464f07f044e4b1c7000f0dd
:1055140017f9494b08221a7054e7484b93f82b406b
:1055240005f050fc8442ead1464b1c78002cead1a9
:10553400414b10221a7045e705f026f905f042fcac
:105544003e4981f82b002c224ff4817004f0e8fed0
:105554003c4b1b781bb1384b09221a7032e7364b8f
:1055640011221a702ee704f015fb00283ff42aaf2d
:1055740005f00af905f034fc384b187005f030fcde
:105584003149a1f8fa00fc22002004f035fb394b24
:1055940018702c4b1b7813b9374b1b6833b1364b3f
:1055a40000221a60244b0a221a700be7224b1122a4
:1055b4001a7007e704f0eefa00283ff403af05f091
:1055c400e3f805f01bfc214988852e2240f26f1078
:1055d40004f012fb274b1870174b0b221a70f1e6dc
:1055e40004f0d8fa00283ff4edae05f0cdf805f04c
:1055f40013fc17498882162240f24b1004f0fcfa7f
:105604001c4b18700c4b0d221a70dbe604f0c2fa26
:1056140000283ff4d7ae05f0b7f805f00bfc0d49b0
:10562400c88110224ff4b07004f0e6fa114b1870e0
:10563400014b0f221a70c5e625870020f451002083
:105644007d87002026870020a0500020a451002040
:1056540094280020ac2800207428002046870020cd
:105664004787002045870020488700204387002083
:105674004487002028870020f086002004f08afa5e
:1056840000283ff49fae05f07ff805f0e1fb2549c3
:10569400c86120224ff4977003f038fd224b10228a
:1056a4001a708fe6214b00221a701f4b11221a70b8
:1056b40088e61d4b04221a7084e604f06bfa002875
:1056c4003ff480ae05f060f805f0a6fb1849888227
:1056d400162240f24b1004f08ffa164b1870124b3e
:1056e40011221a706ee604f055fa00283ff46aaeef
:1056f40005f04af805f09efb0f49c88110224ff4cb
:10570400b07004f079fa0b4b1870074b11221a7021
:1057140058e60a4b1b78002b7ff454ae074b01224a
:105724001a704fe674280020258700205d8700202a
:105734009428002028870020ac28002031870020ee
:020000040000fa
:105744002de9f04fe04b1b78013bdbb21a2b0ad951
:10575400de4b00221a605a6043f239019960da6024
:105764001a615a619a61d84b1b221a7000225a702e
:105774009a70da701a71042159719a71da711a7275
:105784005a7201249c72da721a730721597305251f
:105794009d73da73672018744ff0370058749a7445
:1057a400da741a755a759a75da751c765c769c7675
:1057b400dc761977782159770a269e771420d877d2
:1057c40083f8202083f82120642183f822106ff0cd
:1057d4004b0783f82370282783f8247083f8250067
:1057e40083f8262083f8272083f8284083f829406b
:1057f4000f2483f82a40b64b02271f804ff4167cef
:10580400a3f802c09a804ff00304dc804ff008092b
:10581400a3f808905f814ff47a749c814ff461740b
:10582400dc811a8258829e823226de82a3f8189086
:105834004ff01e0ea3f81ae09a8340f2a114dc8301
:105844004ff09608a3f820804ff496745c844ff0d0
:105854008708a3f82480dc844ff0c408a3f82880c8
:105864005a859a854ff02c08a3f82e801e864ff097
:105874005e08a3f832804ff0a808a3f834804ff0f4
:105884004708a3f836801a875a879a87da87a3f8d5
:105894004020a3f84220a3f84420a3f84620a3f80c
:1058a4004820a3f84a20a3f84c20a3f84e20a3f8dc
:1058b4005020a3f85220a3f85420a3f85610a3f8bc
:1058c4005800a3f85a10a3f85c704ff4bd78a3f8fd
:1058d4005e804ff43478a3f86080a3f8626040f2ed
:1058e4005328a3f86480a3f866004ff01508a3f8c2
:1058f40068804ff4cb78a3f86a80a3f86c20a3f8ef
:105904006e20a3f87020a3f87220a3f87420a3f8e3
:105914007620a3f87820a3f87a20a3f87c20a3f8b3
:105924007e20a3f88020a3f88220a3f88420a3f883
:1059340086e0a3f888404ff0c80ea3f88ae04ff43d
:10594400af78a3f88c80a3f88e70a3f89050a3f8d6
:105954009220a3f8942041f2de27a3f8967043f234
:10596400bc4aa3f898a041f29417a3f89a7041f6a0
:105974001468a3f89c804ff4fa77a3f89e70a3f8f8
:10598400a02041f2a86ba3f8a2b040f2523ba3f8c6
:10599400a4b0a3f8a620a3f8a820a3f8aa10a3f8fb
:1059a400ac204ff0b40ba3f8aeb0a3f8b020a3f82a
:1059b400b2204ff07b0ba3f8b4b0a3f8b640a3f821
:1059c400b8104ff0500ba3f8bab0a3f8bc704ff066
:1059d400030ba3f8beb041f2fc2ba3f8c0b0a3f8ac
:1059e400c220a3f8c4a041f2941aa3f8c6a0a3f855
:1059f400c880a3f8ca7041f25048a3f8cc80a3f839
:105a0400ce20a3f8d070a3f8d220a3f8d400a3f832
:105a1400d6e04ff49660a3f8d800a3f8da20242047
:105a2400a3f8dc00a3f8de10a3f8e0c040f2dc50d9
:105a3400a3f8e200a3f8e450a3f8e6604ff0960858
:105a4400a3f8e880a3f8eac040f6b830a3f8ec0065
:105a5400a3f8ee10a3f8f010a3f8f240a3f8f45062
:105a64004ff4fa61a3f8f6101121a3f8f810194bba
:105a74001a805a8045f2ea019980da801a8145f247
:105a8400730159819a81da8145f2e231198240f237
:105a9400a15159828b2199824921d982a3f8189066
:105aa4005a839a83da831a845a844ff0370199848b
:105ab400da841a855a85084b1a605a609a60da604b
:105ac4001a619a820ae000bff45100207428002071
:105ad400a0500020a451002094280020044b1a60f8
:105ae4005a609a60da601a619a82bde8f08f00bf4a
:045af400ac280020ba
:020000040000fa
:105af8002de9f04110278f4b1f70002004f0f5fcb2
:105b080004f038fd04f0f0fe8b4c4ff48053a36191
:105b18000823a3610021894805f03afb0021884841
:105b280005f030fb874803f003f9874803f05cf879
:105b38000021864805f014fb4ff00066a6614ff47b
:105b48000065c4f898504ff48063a36005f0ccf862
:105b58004ff08043c4f8983005f0e0f91c2005f0b8
:105b680077fa7b4b01221a7005f0c0f905f0a6f907
:105b78006661c4f894504ff40053a3612023c4f81d
:105b880098304ff40043c4f884304ff40013a361f5
:105b9800c4f898704ff00043c4f898300a216d4853
:105ba80004f0d0fd0a216c4804f0acfd6661c4f82d
:105bb80098506a4c6a4edff80082654f47e1fff75c
:105bc80093f902f0bffa05f09df9664d04f0feff67
:105bd80008b9013dfad198f80100fdf7ddff624de3
:105be8000122296805f0dafac0b2286003f038f912
:105bf80003f0ccfb04f09cffd8b15c4b1b78002b66
:105c080000f0dc805a4b1b78002b00f03181594b97
:105c18001b788bb9584b1b78002b40f0d28004f0ce
:105c280087ff002840f0dd80fdf7e8fb02f062fb0b
:105c3800d7e003f02dfbe0e704f07aff80b94e4b84
:105c48001b78002b00f0c0804c4a12781ab1013a38
:105c58004a490a70b5e0494b0a221a7004f07cf9e7
:105c6800454b1b78002b40f0ac80ade0444b48f628
:105c7800a0421a60434a536801335360424ad388aa
:105c88000133d380414a138801331380404a137883
:105c9800013313703f4b1b7813f0400f02d113f000
:105ca800800f03d0374a1368013313603a4b02223e
:105cb8001a703a4b00221a70394b1b68934214bf72
:105cc80009220b22374b1a7004f000fb95e0294b90
:105cd8001b786bb1184b4021596120219961324bd7
:105ce8001b78002b00f0af80134b10215961aae0fc
:105cf8002e4b1b78bbb92c4b19782d4b18782d4b94
:105d08001b780b43034303d10b4b202159619ae0c5
:105d1800094b10255d6148b9002900f09480064bb5
:105d2800402159618fe0044b10215961024b202119
:105d3800596188e05c870020008000418999000053
:105d4800199900002c2700203052002081b0000053
:105d58007c870020888600207c86002049870020d8
:105d680060870020a0860100508600205e87002002
:105d78005d8700201e87002040870020568700206e
:105d8800708700207428002094280020ac28002068
:105d9800398700202a870020318700205987002072
:105da800f0860020258700201f87002026870020f6
:105db8002787002038870020f45100202f4b1b78bc
:105dc8007bb1013b2d4a13702d4b1b784bb12d4bea
:105dd8001b78002b7ff423af01232a4a1370284a2b
:105de8001370fff7cbfa01f0e5ff274b1b68002b78
:105df8003ff43caf013b244a1360244b1b7813b19a
:105e0800013b224a1370224b1b6813b1013b204a05
:105e18001360204b1b6813b1013b1e4a136002f04c
:105e2800cbfc0a23337005f0c1f81b4b1a7802f03b
:105e3800a003a02b3ff44baf184b402199612021c0
:105e48009961102199613b781344134a13702378a0
:105e5800002bfcd0002323701c2005f0f9f8fcf778
:105e68000bfa3378002b3ff4aaae013b3370eee710
:105e7800024b1b78002ba4d1aee700bf408700205f
:105e88005e8700205d870020708700204f870020f4
:105e9800ec860020fc8600204c8700200080004112
:020000040000fa
:105ea80010b5d84b24221a7045225a7032229a70a3
:105eb8005b22da70d44a91881971090a59711189db
:105ec8009971090ad97191891972090a5972918bc4
:105ed8009972090ad972d18b1973090a5973918c6d
:105ee8009973090ad973118d1974090a5974518d56
:105ef8009974090ad974918d1975090a5975d18d42
:105f08009975090ad975118e1976090a5976518e2b
:105f18009976090ad976918e1977090a5977d18e17
:105f28009977090ad977118f83f82010090a83f81d
:105f38002110518f83f82210090a83f82310918fba
:105f480083f82410090a83f82510d18f83f82610c6
:105f5800090a83f82710b2f8401083f82810090ab4
:105f680083f82910b2f8421083f82a10090a83f836
:105f78002b10b2f8441083f82c10090a83f82d105e
:105f8800b2f8461083f82e10090a83f82f10b2f8d9
:105f9800481083f83010090a83f83110b2f84a1013
:105fa80083f83210090a83f83310b2f84c1083f8da
:105fb8003410090a83f83510b2f84e1083f83610f9
:105fc800090a83f83710b2f8501083f83810090a14
:105fd80083f83910b2f8521083f83a10090a83f896
:105fe8003b10b2f8541083f83c10090a83f83d10ae
:105ff800b2f85e1083f83e10090a83f83f10b2f831
:10600800601083f84010090a83f84110b2f8621052
:1060180083f84210090a83f84310b2f8641083f831
:106028004410090a83f84510b2f8681083f846103e
:10603800090a83f84710b2f86a1083f84810090a69
:1060480083f84910b2f86c1083f84a10090a83f8eb
:106058004b10b2f86e1083f84c10090a83f84d10f3
:10606800b2f8701083f84e10090a83f84f10b2f88e
:10607800721083f85010090a83f85110b2f874109e
:1060880083f85210090a83f85310b2f8761083f88f
:106098005410090a83f85510b2f8781083f856108e
:1060a800090a83f85710b2f87a1083f85810090ac9
:1060b80083f85910b2f87c1083f85a10090a83f84b
:1060c8005b10b2f87e1083f85c10090a83f85d1043
:1060d800b2f8801083f85e10090a83f85f10b2f8ee
:1060e800a01083f86010090a83f86110b2f8a210b2
:1060f80083f86210090a83f86310b2f8a41083f8d1
:106108006410090a83f86510b2f8a61083f86610bf
:10611800090a83f86710b2f8a81083f86810090a0a
:1061280083f86910b2f8ae1083f86a10090a83f888
:106138006b10b2f8b01083f86c10090a83f86d1070
:10614800b2f8b21083f86e10090a83f86f10b2f82b
:10615800cc1083f87010090a83f87110b2f8ce10c9
:1061680083f87210090a83f87310b2f8d01083f814
:106178007410090a83f87510b2f8d21083f87610f3
:10618800090a83f87710b2f8d41083f87810090a4e
:1061980083f87910b2f8dc1083f87a10090a83f8ca
:1061a8007b10b2f8de1083f87c10090a83f87d10a2
:1061b800b2f8ee1083f87e10090a83f87f10b2f85f
:1061c800f22083f88020120a83f88120da1c03f178
:1061d8008101002312f8010f0344dbb28a42f9d18e
:1061e800084a82f882305d2382f88330144601e041
:1061f80004f0dcfe8421204601f038ff0028f7d0a7
:0c62080010bd00bf78480020a05000200e
:020000040000fa
:1062140010b5894b5b79012b7ad05ab2cab1022be3
:1062240000f03781854b24221a7057225a7030228d
:106234009a705b22da70804ad17819711179597198
:1062440052799a717e4a1278da725d221a731c4668
:106254003fe1794bdb78182b56d8dfe813f0450083
:106264004101190043011b001d001f0021002300f0
:106274002500270029002b002d002f0031003300ba
:106284003500370039003b003d003f00410043002a
:1062940003242ae0052428e0062426e0072424e039
:1062a400082422e0092420e00a241ee00b241ce038
:1062b4000c241ae00d2418e00e2416e0142414e033
:1062c400172412e01a2410e01b240ee021240ce011
:1062d40022240ae0232408e0262406e0272404e0fc
:1062e400282402e0292400e00124534b9979204614
:1062f40004f00cfd534b1a5d504bda714f4b0022e6
:106304001a725a729a728de74c4b0022da71f5e7d1
:10631400494a1179d37803eb01233e2b00f2b7806d
:10632400dfe803f0a0e220e4222426282a2c2e30e1
:10633400323436383a3c3e40424446484a4c4e5049
:10634400525456585a5c5e60626466686a6c6e7039
:10635400727476787a7c7e80828486889294969809
:106364009a9c9e0006247ee00f247ce012247ae0ae
:10637400142478e0152476e0162474e0172472e0df
:10638400182470e019246ee01a246ce01b246ae0df
:106394001c2468e01d2466e01e2464e01f2462e0df
:1063a400202460e021245ee022245ce023245ae0df
:1063b400242458e0252456e0262454e0272452e0df
:1063c400282450e029244ee02a244ce02f244ae0db
:1063d400302448e0312446e0322444e0342442e0ce
:1063e400352440e036243ee037243ce038243ae0cb
:1063f400392438e03a2436e03b2434e03c2432e0cb
:106404003d2430e03e242ee03f242ce040242ae0ca
:10641400502428e0512426e0522424e0532422e08e
:10642400542420e057241ee058241ce059241ae088
:10643400662418e0672416e0d84600207848002037
:1064440026870020f451002068240ce069240ae027
:106454006a2408e06e2406e06f2404e0772402e056
:10646400792400e00224224bda79997901eb0221a4
:1064740089b2204604f0befb1e4b33f814201e4b99
:10648400da71120a1a7200225a729a72cae6002249
:10649400f5e7174b597a1a7a02eb0121da7902eb04
:1064a40001221979dc7804eb0124997901eb0221aa
:1064b400e0b204f0c3fb114b53f824300e4ad371fd
:1064c400190a1172190c51721b0e9372aae604f088
:1064d4006ffd0d21204601f0cbfd0028f7d010bd43
:1064e400022402e7042400e70424bce70e24bae7ec
:1064f400d8460020a05000207848002074280020ae
:020000040000fa
:106504002de9f04184b09d4b1a68093a9c4b1b7ae3
:10651400a03b062b00f22d81dfe813f007003500c5
:10652400a700dd00ec002b01fa00082a1dd19548d4
:1065340004f07afd0446f0b1934804f075fd0219a5
:1065440090421ad2b0f5005f19d3b2f5801f18d863
:1065540040ea0403c3f30c030bb1512006e08b4b58
:1065640018608b4b1a60502000e0512004f044fd69
:1065740004b0bde8f0815120f8e75120f6e751203e
:10658400f4e75120f2e7834b5121197042f20403de
:106594009a4207d07f4be1221a707e4b187804f0a0
:1065a4002bfde5e7794b1c6874b1774804f03cfd9a
:1065b4000546a04208d300f50053754a1268934279
:1065c40002d8c0f30c041cb1724be2221a70e4e747
:1065d40004f08efd04f034fd0028fbd1284604f0bd
:1065e400e3fb48b304f02cfd0028fbd104f06efb60
:1065f40010f07e0024d12e46624f7f1b4ff40078aa
:10660400654d4246b919284604f030fc3146284607
:1066140004f05af8d8b100bf04f012fd0028fbd1f1
:1066240004f054fb10f07e0018d1013406f5007616
:10663400102ce5d15020b2e7564be3221a70ace798
:1066440000f01f0363f07f03524a1370a5e704f0c0
:106654000f0363f03f034f4a13709ee700f01f03dc
:1066640063f05f034b4a137097e7042a2bd1474b1f
:106674001e6866b3464b1c68a6422ad2424804f000
:10668400d3fc0746a4eb06084ff0ff34002502e0d4
:106694000135a84511d0ab5d5c4008223f4944f365
:1066a40000030b4083ea5404013af8d1c5f30b0309
:1066b400002bedd104f07cfceae7e443a7420cbfd5
:1066c4005320542000e0542004f096fc50e754205a
:1066d400fae75420f8e74ab9502004f08dfc304b17
:1066e40001221a702f4b00221a7041e7522004f045
:1066f40083fc3de742b9502004f07efc0123284a84
:106704001370284a137033e7522004f075fc2fe706
:106714005abb50238df800304c238df80130224ba6
:106724005b8a83f01003c3f300138df80230032354
:106734008df8033001228df8042004238df80530f0
:1067440020238df8063000238df807308df80830ab
:106754008df809208df80a308df80b208df80c3057
:106764000d21684603f028f802e7522004f044fca7
:10677400fee6522004f040fcfae600bf78870020d1
:10678400d8540020e5540020e1540020088700205c
:106794000c87002080870020007f00202083b8ed34
:0c67a4006787002066870020004000414d
:020000040000fa
:1067b0009b4b1b78002b35d09a4a1278002a31d097
:1067c000002299490a6097490a70984afa21117083
:1067d00097490a7801320a70964ad15ca1f14202c7
:1067e000152a1cd8dfe812f010011b0016009e00cd
:1067f0001b001b001b001b001b001b004f001b008d
:106800001b001b001b001b001b0077001b001b0054
:106810001b00aa00874a1a4492785b2a03d0804b57
:1068200000221a707047834a1a44d27a5d2af6d140
:1068300010b4814a44211170804801707d490b4495
:10684000597851705b219170d878d0701979117195
:106850005c7954719c799471dc79d4711c7a1472ce
:106860005c7a54729b7a93725d23d372744b187066
:10687000744b1970744b1e221a70694b00221a70e7
:106880005df8044b70476b4a1a4492785b2ac6d174
:10689000684a1a44d27a5d2ac1d1674a4c211170e4
:1068a0006648017063490b44597851705b219170bf
:1068b000d978d1701979117159795171997991718a
:1068c000d979d171197a1172597a51729b7a93726e
:1068d0005d23d372a3e7574a1a4492785b2a9ed16c
:1068e000544a1a44d27a5d2a2ed1534a1170534821
:1068f000017050490b44597851705b219170d978df
:10690000d170197911715979517199799171d97938
:10691000d171197a1172597a51729b7a93725d23ef
:10692000d3727ce7434a1a4492785b2a7ff477afac
:10693000404a1a44d27a5d2a06d1d6e73d4a1a4423
:1069400092785b2a7ff46baf3a4a1a44927a5d2ab6
:106950003fd0384a1a4452784c2a7ff460af354a07
:106960001a44d27a5d2a7ff45aaf324a1a44d27856
:10697000532a7ff454af2f4a1a441279412a7ff4e4
:106980004eaf2c4a1a445279492a7ff448af294a1b
:106990001a4492794c2a7ff442af264a1a44d2799b
:1069a0004f2a7ff43caf234a1a44127a542a7ff4c8
:1069b00036af204a1a44527a412a7ff430af1d4a3a
:1069c00013449b7a212b7ff42aaf204b01221a70ab
:1069d00025e7194a11701948017016490b44597876
:1069e00051705b219170d978d170197911715979f1
:1069f000517199799171d979d171197a11725b7a42
:106a000053725d2393720ae70a4a1a4452784c2a59
:106a10007ff405af074a1a4492785b2a9fd0fee6be
:106a20002187002020870020c0860020e6740020f7
:106a30002287002000810020d8460020e774002033
:106a400086860020878600204087002064870020fb
:020000040000fa
:106a5000f8b5864b24221a7044225a7030229a705c
:106a60005b22da70824e32781a7172785a71b2787b
:106a70009a71f278da7132791a7272795a727d4d9e
:106a80002a789a726a78da72aa781a73ea785a734c
:106a90002a799a736a79da73774c22781a74627851
:106aa0005a74a2789a74e278da7422791a75627943
:106ab0005a75a2799a7571480278da7542781a7611
:106ac00082785a76c2789a760279da7642791a779b
:106ad00082795a776a4a11686a4fa7fb0121c9086f
:106ae0009977694991f818c0684a52f82c20a7fb99
:106af0000272d208da778f7a654a52f8272083f833
:106b00002020644a127883f82120634a127883f89f
:106b10002220624a127883f82320614a127883f88f
:106b20002420cf7a5f4a52f8272083f825205e4a36
:106b3000127883f826205d4a127883f827205c4a71
:106b4000127883f828205b4a127883f829205a4a61
:106b5000127883f82a20594a127883f82b200f7d67
:106b6000574a52f8272083f82c20cf7d554a52f8f7
:106b7000272083f82d20544a127883f82e20534a78
:106b8000127883f82f204f79514a52f8272083f842
:106b90003020120a83f831204e4a127883f83220ce
:106ba0004d4a127883f83320ff2283f83420f68888
:106bb00083f83560360a83f83660ed8883f83750fd
:106bc0002d0a83f83850248983f83940240a83f841
:106bd0003a40008983f83b00000a83f83c003f48b4
:106be000006883f83d00000a83f83e004c7e3c4874
:106bf00050f8240083f83f00000a83f84000087929
:106c0000384951f8201083f84110090a83f84210de
:106c100083f8432083f8442083f8452083f84620f6
:106c200083f8472083f8482083f8492083f84a20d6
:106c3000d91c4a33002200bf11f8010f0244d2b21e
:106c40009942f9d1284b4b211960084b83f84b200e
:106c50005d2283f84c201c4601e004f0abf94d2185
:106c6000204601f007fa0028f7d0f8bd7848002048
:106c700024520020945000201000002020270020e3
:106c800000870020cdccccccf45100206c850020b6
:106c90002c8500203f8700202a8700202b8700209a
:106ca0003c87002050860020298700203e87002056
:106cb0003d87002034870020358700203a87002058
:106cc0004c850020608600202d8700202c87002026
:106cd0000c850020268700202787002004870020bd
:0c6ce0008c85002040860020e486002007
:020000040000fa
:106cec0030b591ea030f00f18280841a71eb030c2a
:106cfc0005d2121953eb0c03001b71eb0c0140f283
:106d0c00000ccff6e07c1cea430f52d0bceb410fd9
:106d1c005fd90c0da4eb135e5ff0010c6cf31f51eb
:106d2c006cf31f53def1200c2ad303fa0cf5401937
:106d3c0041f1000122fa0ef5401923fa0ef56941d2
:106d4c0012fa0cf2cd0208d349085fea30005fea70
:106d5c00320228bf42f001020134013c5fea500cc0
:106d6c0072f1004250f1000051eb04514ff400134a
:106d7c0013eb410f38bf30bd6ff31301002030bd52
:106d8c00bef1200ebef1200f1ed223fa0ef54019d3
:106d9c0041f10001cef1200c124218bf012203fa7e
:106dac000cf52a43cee711ea5c0f04bf002000214a
:106dbc0030bd1cea410f04bf01f00041002030bd82
:106dcc0001f00041002030bd21f4801101eb045191
:106ddc0030bd004218bf41f00101bceb410f08bfb0
:106dec0030bd4ff0fe4141f47801002030bd83f0fe
:106dfc000043841a71eb030e07d28ef0004e001b79
:106e0c0071eb0e01121953eb0e0340f2000ccff68e
:106e1c00e07c1cea430fc6d0bceb410f72d90c0dc1
:106e2c00a4eb135ec90241ea5051c00241f000418b
:106e3c00db0243ea5253d20243f00043def1200c52
:106e4c0041d312fa0cf522fa0ef203fa0cf542eacf
:106e5c00050218bf42f0010223fa0ef3801a994181
:106e6c00e30ac4f30a0411f0404f03d418d0013cd8
:106e7c0040004941013c23d44205c00a40ea41503c
:106e8c00c90a51eac3715fea500c72f1004250f129
:106e9c00000051eb045130bd01002fd00020203cec
:106eac000029f9d0b1fa81fcdcf1200e11fa0cf1b9
:106ebc0030fa0ef510fa0cf02943a4eb0c04d9e7c8
:106ecc000020d90730bdaef1200ebef1200f0dd23f
:106edc00cef1200c03fa0cf533fa0ef32a4318bf4b
:106eec0043f00103c01a61f10001b9e721f0004140
:106efc00c00a40ea4150c90a01eb045130bd0020e0
:106f0c00002130bd004218bf41f00101bceb410f24
:0e6f1c007ff467afbceb430f3ff463af30bdb3
:020000040000fa
:106f2a00f0b581ea030e0ef0004e40f20007cff6ec
:106f3a00e07717ea41051ebf95ea070f17ea4304ef
:106f4a0094ea070f00f0c5806d0da5eb545707f5bd
:106f5a0080674ff0004646eac12444ea5054c00212
:106f6a0046eac32343ea5253d202801a9c4104d20e
:106f7a000018644180185c41013f5b084fea320205
:106f8a000025002140f001004ff0070604e0801ab6
:106f9a009c4136d340416441801a9c4136d34041da
:106faa006441801a9c4136d340416441801a9c4115
:106fba0036d340416441801a9c4136d340416441f2
:106fca00013e17d0801a9c4136d340416441801a51
:106fda009c4136d340416441801a9c4136d340419a
:106fea006441090201eb156190ea052520f0ff00d2
:106ffa004540cce7801a9c4156d335e080185c4165
:10700a00c8d20018644180185c41c8d20018644193
:10701a0080185c41c8d20018644180185c41c8d20b
:10702a000018644180185c41c8d200186441013ece
:10703a0017d080185c41c8d20018644180185c419e
:10704a00c8d20018644180185c41c8d20018644153
:10705a00090201eb156190ea052520f0ff00454081
:10706a00cce780185c411fd3420918bf44f00104e1
:10707a00490101ebd56100f01f0000eb451021f436
:10708a00801141ea0e01013041f10001244208bf9a
:10709a0020f00100b7f5006f3eda013f49dd01eb50
:1070aa000751bde8f0407047490101ebd56100f096
:1070ba001f0000eb451021f4801141ea0e01b7f5db
:1070ca00006f29da013f34dd01eb0751bde8f040da
:1070da007047004218bf41f00101124218bf43f045
:1070ea000103b7eb410f2cbfb7eb430f1ce0b7eb23
:1070fa00410f04bfb7eb430f16e017ea410f04bf75
:10710a0017ea430f10e017ea410f12d017ea430fac
:10711a0002d0b7eb430f0cd04ef0fe4141f47001a0
:10712a000020bde8f04070474ff0fe4141f478017d
:06713a00f6e77146f4e7e0
:020000040000fa
:1071400010b57a4b24221a7045225a7031229a7057
:107150005b22da70764a9188197111895971918987
:107160009971918bd971d18b1972918c5972118d42
:107170009972518dd972918d1973d18d5973118e68
:107180009973518ed973918e1974d18e5974118f50
:107190009974518fd974918f1975d18f5975b2f82f
:1071a00040109975b2f84210d975b2f844101976aa
:1071b000b2f846105976b2f848109976b2f84a10eb
:1071c000d976b2f84c101977b2f84e105977b2f858
:1071d00050109977b2f85210d977b2f8541083f85a
:1071e0002010b2f85e1083f82110b2f8601083f816
:1071f0002210b2f8621083f82310b2f8641083f8fa
:107200002410b2f8681083f82510b2f86a1083f8d9
:107210002610b2f86c1083f82710b2f86e1083f8bd
:107220002810b2f8701083f82910b2f8721083f8a1
:107230002a10b2f8741083f82b10b2f8761083f885
:107240002c10b2f8781083f82d10b2f87a1083f869
:107250002e10b2f87c1083f82f10b2f87e1083f84d
:107260003010b2f8801083f83110b2f8a01083f813
:107270003210b2f8a21083f83310b2f8a41083f8d9
:107280003410b2f8a61083f83510b2f8a81083f8bd
:107290003610b2f8ae1083f83710b2f8b01083f899
:1072a0003810b2f8b21083f83910b2f8cc1083f865
:1072b0003a10b2f8ce1083f83b10b2f8d01083f831
:1072c0003c10b2f8d21083f83d10b2f8d41083f815
:1072d0003e10b2f8dc1083f83f10b2f8de1083f8ed
:1072e0004010b2f8ee1083f84110b2f8f22083f8a3
:1072f0004220d91c4233002211f8010f0244d2b2bd
:107300009942f9d10b4b43211960084b83f8432074
:107310005d2283f844201c4601e003f04bfe45212a
:10732000204600f0a7fe0028f7d010bd78480020c6
:08733000a0500020e4860020bb
:020000040000fa
:107338002de9f04759ec108b594f18eb080029f04c
:10734800004343eb030100268f4208bf864282b008
:10735800c0f0848053490020994208bf404510ee90
:10736800102aca467dd310ee104a1d460127002672
:1073780043a1d1e900019042994126da42a3d3e919
:1073880000232046294600f0f9fb0022464b03f073
:1073980025ff0022444b03f021ff22462b46fff72e
:1073a800a1fc3ba3d3e90023804689462046294611
:1073b800fff798fc02460b4640464946fff7b1fde9
:1073c8003e4604460d4602460b460ff2cc09d9e963
:1073d800008923f00041894508bf904527d22246fd
:1073e8002b462046294600f0c9fb02460b4680463c
:1073f80089462e48042101f03ffa4246cde90001b2
:107408004b4604212a4801f0c1fe02460b46dde93d
:107418000001fff786fd22462b4600f0affb02462f
:107428000b4620462946fff75dfc04460d46012e13
:1074380022dd05f100431d461e4b03ebc606204620
:107448002946d6e90023fff74dfc04460d460af00d
:10745800004a22468aea050343ec102b02b0bde835
:10746800f08700200f49fff75cfd032704460d460f
:1074780002460b4602267be7002ee8d0dce700bf79
:1074880058cd9e5e1426d13f5499b0d0f56ce73f95
:10749800aa4c58e87ab6fb3fbbbdd7d9df7cdb3da9
:1074a8000000e0ff0000f03f0000e03f689e0000a1
:0874b800889e0000489e0000c0
:020000040000fa
:1074c00030b45c4c247f002c40f0ad80054604f0c5
:1074d000ff0000294cd0002d4ad0574c646804f0be
:1074e0000704012c61d053480560426000244461c8
:1074f000846104614f488160002a5cd04d4ad360aa
:107500004c4a012111774c4a127e12f0040f05d02b
:10751000494a916a117e11f0040ffad1464a518b03
:1075200041f004015183117e41f0800111764149ff
:107530008a68c968914203d93e48c168891a0161c5
:107540003d49496811f0070f45d13a49896991428f
:1075500035d2384a11680878374988629169013113
:107560009161002b5bd0344b04229a7501205be0c3
:10757000002b59d0002a57d02f4c646804f0070420
:10758000012c0cd02b4805604260002444618461ca
:107590000461002daed1274900208860ace70029a6
:1075a00044d113f0010fedd03ee011f0010f3bd1bb
:1075b000002be7d0f5e71f4a0021d160a0e71d4a64
:1075c0001269002acdd01c4aff21916219490a692b
:1075d000013a0a61c5e7174a916849089160116943
:1075e00049081161d1684908d160916892698a425d
:1075f00008d2104a116808880f49886291690131e0
:107600009161aee70b4a1269002aaad00a4a4ff6e6
:10761000ff71916207490a69013a0a61a1e70120f5
:10762000054b987500e0002030bc704711f0010f49
:0c763000b7d0f9e7e084002000300040f3
:020000040000fa
:10763c0010b4544b544a1a60544a1a61012183f80d
:10764c00401083f8411083f84210002283f8432045
:10765c0083f8442083f8452083f8462083f84810ab
:10766c0083f8491083f84a2083f84b1083f84c2098
:10767c0083f84d2083f84e1083f84f1083f8501088
:10768c0083f8511083f8521083f8531083f8542068
:10769c0083f8552083f8561083f8571083f8581048
:1076ac0083f8591083f85b2083f8302083f831106d
:1076bc0083f8322083f83320222083f834002024ee
:1076cc0083f8354083f8362083f8372083f8380068
:1076dc0083f8390083f83a2083f83b00882483f838
:1076ec003c4083f83d202a4cc3f88040a4f671043a
:1076fc00c3f89040032483f8c04083f8c11083f88a
:10770c00c21083f8c31083f8c42083f8c52083f813
:10771c00c62083f8c71083f8c81083f8c91083f803
:10772c00cb2083f8cc1083f8cd10022483f8ce4004
:10773c0083f8cf4083f8d01083f8d11083f8d6208b
:10774c0083f8d72083f8de2083f8df40112183f8fb
:10775c00b01083f8b11083f8b220102483f8b34032
:10776c0083f8b41083f8b520772183f8b61083f82a
:10777c00b72083f8b80083f8bb2083f8bf205df8ee
:10778c00044b7047008000417834300870001000c2
:04779c007108c0c0f0
:020000040000fa
:1077a0004e4b42f206625a611a46136913f0010ffa
:1077b000fbd04b4b42f20e229a821a46d36813f04a
:1077c000010ffbd0464b05221a74a3f5406301223a
:1077d0005a711a46d37813f0010ffbd0414b424a3d
:1077e0001a621a46536813f0040ffbd13d4b3e4a10
:1077f0005a621a46536813f0080ffbd1394b3b4ac3
:10780000da621a46536813f0200ffbd1354b402241
:10781000c3f89c201a4600bfd2f89c3013f0400fea
:10782000fad0304b4022c3f8a0201a46d2f8a0303c
:1078300013f0400ffad02b4b4022c3f8e0201a4639
:10784000d2f8e03013f0400ffad0264b4022c3f8b4
:10785000ec201a46d2f8ec3013f0400ffad0214b4e
:107860004122c3f8f0201a46d2f8f03013f0400f4e
:10787000fad01c4b4022c3f80c211a46d2f80c3126
:1078800013f0400ffad0174b4022c3f820211a46bc
:10789000d2f8203113f0400ffad0124b4022c3f837
:1078a00024211a46d2f8243113f0400ffad0104b9d
:1078b0006ff07f421a6143f2ff325a610d4a9a61ba
:1078c0004ff4c1721a62054a137f03f0fd03137768
:1078d00092f82c3013f0020ffad1704700100040dc
:1078e00000140040001c00400001010006010c00d3
:0878f00000080040568401006d
:020000040000fa
:1078f800524b586a524b9b7d002b00f09d8070b50f
:107908004f494c6804f007044c4b5a699d699e68be
:107918000b7e13f0040f56d0896a484bdb689342fc
:1079280051d9002c41d1454b5b6899540132444be5
:107938001b7e13f0010f15d0414b012119753f4be8
:107948009b68ab4255d93d4b1b68595d3c4b9962ce
:1079580001353a4b1b690bb9b54263d0374bdb682d
:10796800934263d0354b5a619d61354b1b7e13f0b2
:10797800020f13d0334b1b78b3b1304bdb68934203
:107988000fd12e4b00221a772d4907240c752d494b
:107998000a701b6a43b1294b1b6a9847294b1b780d
:1079a80013b1274b02229a7570bd244b5b6823f8ec
:1079b80012100132224b1b7e13f0010fd2d0204b44
:1079c8000121197509e01e4b1b7e13f0010fc9d068
:1079d8001b4b01211975002cb1d0184b9b68ab4289
:1079e80013d9164b1b6833f81510154b99620135de
:1079f800afe7124b1b69002babd0114bff219962eb
:107a08000e490b69013b0b61a3e70c4b1b69002b6b
:107a18009fd00b4b4ff6ff71996208490b69013be8
:107a28000b6196e7074b012119709be7044b012175
:107a380099750421197595e7704700bfe084002007
:087a4800003000407b830020a8
:020000040000fa
:107a500070b506460d46444b1b782bb9424c03f0db
:107a6000a9fa2378002bfad0404803230370330c83
:107a70004370330a8370c6703d4b4ff480625a6185
:107a8000394c00232370ff233a4a0421fff718fde5
:107a9000237823b903f08efa2378002bfad0364ce2
:107aa00005f1900005f59076a0f11c03224600bf79
:107ab00052f8041b43f8041b8342f9d11c341830dc
:107ac000b042f1d12b4ad2f8ac30c5f81c31d2f813
:107ad000b030c5f82031d2f8b430c5f82431d2f82e
:107ae000b830c5f82831d2f8bc30c5f82c31d2f8fe
:107af000c030c5f8303102f1c40305f59a7102f1c6
:107b0000dc0400bf53f8040b41f8040b9c42f9d18c
:107b10001a4b05f59e7102f1f40400bf53f8040bf3
:107b200041f8040b9c42f9d1124bd3f8f410c5f87c
:107b30006411d3f8f810c5f86811033302f1fb01a2
:107b4000002200bf13f8010f02448b42fad10c4b04
:107b5000f8211960074b93f8fc00d2b2904214bf91
:107b60000020012070bd00bf7f870020ac530020a3
:107b7000008000415c0200206002002038030020e9
:047b8000e886002073
:020000040000fa
:107b8400f0b540f2ff7681ea030c16ea115e1ebfdf
:107b9400b64516ea1355b54252d021ea465141f48e
:107ba4008011a1fb024723ea465343f48013ae44f9
:107bb400a0fb03650cf0004c36197d41a1fb034783
:107bc40047f10003a0fb0217f619654153f10003c6
:107bd400094218bf46f0010640f2fe74b3f5007f77
:107be40013d2aef5806ea64523d24cea03312803a6
:107bf40041ea155140ea16503203450872f1004239
:107c040050f1000051eb0e51f0bdaef2ff3ea6451f
:107c14000fd24ceac321e80241ea555140ea5650da
:107c2400f202450872f1004250f1000051eb0e518e
:107c3400f0bd1eea0e0f2dd50cf000410020f0bd62
:107c440016ea115f04bf01f000410020004218bf92
:107c540041f0010116ea135f04bf03f00043002260
:107c6400124218bf43f0010306ea1354b44218bf8a
:107c7400b64503d00cf000410020f0bd21f00041d6
:107c840023f00043b1eb065f0cd8b3eb065f09d8d1
:107c940041b13bb10cf0004141f0fe4141f47001af
:107ca4000020f0bd40f20001c7f6f8710020f0bddd
:020000040000fa
:107cb40010b43f4ad36823f4e0631b041b0c43f065
:107cc400bf6343f40033d360bff35f8f62b6394bb5
:107cd400e02083f80a034ff48061196083f80b03f2
:107ce4004ff40061196083f829034ff4007159605f
:107cf40083f82e034ff48041596083f82f034ff427
:107d04000041596083f830034ff48031596083f89f
:107d140031034ff400315960402183f832134ff49a
:107d240080245c6083f833134ff400245c6083f890
:107d340034134ff480145c6083f835034ff400145b
:107d44005c6083f83a134ff080645c6083f83b1303
:107d54004ff000645c6083f83c134ff080545c6027
:107d640083f83d134ff000545c6083f842130424fd
:107d74009c6083f8431308249c6083f84413102107
:107d8400996083f8450320219960536a43f4802362
:107d94005362536943f010035361536a43f400334d
:107da4005362536a43f4803353625df8044b704763
:087db40000ed00e000e100e039
:020000040000fa
:107dbc0008b5324b1b7cdb08314a137003f003030c
:107dcc00304a1370304b1b78072b0ad8dfe803f0ce
:107ddc00040a2c343b09094503f0b6f82b4b00225e
:107dec001a7008bd00f0eeff01280ed0022810d04a
:107dfc000328f6d10422244b1a7025490b7843f042
:107e0c0040030b70234b1a70ebe71f4b07221a70c1
:107e1c00e7e704221c4b1a701d490b7843f0100342
:107e2c000b701c4b1a70dce700f034fe0128d8d123
:107e3c00154b07221a70d4e7134b02221a70134bfe
:107e4c0000221a70cde7144801f038fe0e4b0222c6
:107e5c001a700e4b00221a70c3e7104b01221a70d5
:107e6c000f4b4ff000625a614ff40062c3f894203c
:107e7c004ff480525a6103f05bf8b2e7f4510020e2
:107e8c004287002057870020318700205987002027
:107e9c00278700207c870020782000205e87002028
:047eac000080004111
:020000040000fa
:107eb0002de9f04784b05c1ea4b2ff2c5ed8ff29e8
:107ec00061d0334c94f81043002c5ed1304c2478b0
:107ed000022c01d0002552e01c4691460e46074672
:107ee00003f106082b4ba3fb0823a8eb030803ebc5
:107ef0005803c3f3870810238df808308df8094024
:107f0000230a8df80a308df80b80ff238df80c3092
:107f10008df80d00030a8df80e30030c8df80f302c
:107f2000082300936b440a464ff46c41062002f08c
:107f300049fa054618b3dff858a0224649460af523
:107f4000497002f095ffcaf8147306238af81833b3
:107f50008af81963aaf81a438af81c8300238af85e
:107f60001d33aaf81e337d22aaf820238af8223373
:107f70008af8233302238af8103300e000252846cc
:107f800004b0bde8f0870025f9e70025f7e700bf5a
:087f9000e87400202549922449
:020000040000fa
:107f980038b5314b24221a704c225a7030229a700c
:107fa8005b22da702d48b0f8c220110a19715a7193
:107fb8002b49b1f8d820140a9c71da71b1f8102154
:107fc8001a72b1f80e215a72b1f8b820140a9c72cc
:107fd800da7200221a735a739a73b0f8e040214d8e
:107fe800a5fb04546409dc73b0f8a040250a1d748d
:107ff8005c74b1f80a419c74b1f80841dc74b1f8ba
:108008000c110c0a1c755975b0f89e100c0a9c7559
:10801800d975c1690c0a1c7659768169080a98765f
:10802800d976d91c1b3300bf11f8010f0244d2b214
:108038009942f9d10c4b1c211960074b1a775d2224
:108048005a771c4601e002f0b1ff1e21204600f0dd
:108058000df80028f7d038bd78480020200000200f
:0c806800280100201f85eb51e486002059
:020000040000fa
:108074002de9f84300295ed00f4600242f4e304be3
:1080840000f1010edff8bcc006e00cf801809a6034
:10809400621c0134974244d9726802f00702012a33
:1080a40018d09968dd684a1cd3f81080424528bf6f
:1080b4000022954236d010f80480756805f0070553
:1080c400012de2d14d000cf81180691c00250cf83b
:1080d4000150dce7d3f80880d96808f101021d6972
:1080e400aa4228bf002291421cd01ef8145010f856
:1080f400141041ea0521756805f00705012d05d026
:10810400c9b20cf808109a60621cc2e74fea48052d
:108114005ffa81f90cf818900135090a0cf805107a
:10812400f1e7144602f020ff10b1044b01229a75c6
:108134002046bde8f8830c46f4e700bf0034004055
:08814400cc830020007d002027
:020000040000fa
:10814c0010b502f0c5fe2d4b1b78002b51d0013b16
:10815c00dbb22a4a1370012b34d05ab2d2b1022ba3
:10816c004ad100bf02f01efd0028fbd002f0e4ff54
:10817c0000eb80004000224b1860224c1922216831
:10818c0003f00af820604ff4c051002002f0f8fc14
:10819c0032e000bf02f006fd0028fbd002f0ccff5d
:1081ac0000eb80004000184b1860184c1922216815
:1081bc0002f0f2ff20604ff4c051012002f0e0fc0d
:1081cc001ae000bf02f0eefc0028fbd002f0b4ff76
:1081dc0000eb800040000e4b18600e4c19222168f9
:1081ec0002f0daff20604ff4c051092002f0c8fc05
:1081fc0002e0024b03221a7010bd00bf7e840020e7
:10820c00bc860020b8860020a4860020c4820020f2
:08821c00b4860020b0860020aa
:020000040000fa
:10822400f8b504460d4602f0affa314f05f190005f
:1082340005f5907c3e4600bfa0f11c03324600bf0a
:1082440053f8041b42f8041b8342f9d11c3618303e
:108254006045f1d1d5f81c21254bc3f8a820d5f8e9
:108264002021c3f8ac20d5f82421c3f8b020d5f8d8
:108274002821c3f8b420d5f82c21c3f8b820d5f8a8
:108284003021c3f8bc2005f59a72c03307f1d80039
:1082940052f8041b43f8041b8342f9d105f59e727e
:1082a400144b07f1f00000bf52f8041b43f8041b01
:1082b4009842f9d1d5f864210d4bc3f8f020d5f8d4
:1082c4006821c3f8f420013b07f1f700002200bf46
:1082d40013f8011f0a448342fad1054981f8f820b2
:1082e400f922204602f01cf8003018bf0120f8bd26
:0882f400d8280020b029002069
:020000040000fa
:1082fc00304b1b78002b5cd000b597b053222e4925
:10830c0001a802f0affd2b4b00221a709df804302f
:10831c00242b02d017b05df804fb9df80730522bcc
:10832c000ed04d2b1dd0422b24d0482b2bd19df899
:10833c000830442b08d19df80930472b04d10be0b1
:10834c009df808304d2b03d01c4b00221a70e1e72e
:10835c009df80930432bf7d101ab0df155000021ed
:10836c001ee09df80830572beed19df80930562ba6
:10837c00ead1f1e79df808304f2be5d19df8093093
:10838c00442be1d1e8e7442bded19df80830422b99
:10839c00dad19df80930542bd6d1dde78342d3d006
:1083ac0013f8012f2c2af9d10b299cbf0131c9b22a
:1083bc00f4e770472e870020288300202f870020a9
:020000040000fa
:1083cc0010b52f4b24221a7045225a7030229a7005
:1083dc005b22da702b4a5178197191785971d178e6
:1083ec0099711179d9715179197291795972d1792f
:1083fc009972117ad972517a1973917a5973d17a17
:10840c009973117bd973517b1974917b5974117dbc
:10841c009974d17dd974917e1975d17e597592f864
:10842c002110997592f82210d97592f823101976ab
:10843c0092f82610597692f82710997692f828100f
:10844c00d97692f829201a77d91c1c33002200bf48
:10845c0011f8010f0244d2b29942f9d10a4b1d21f5
:10846c001960074b5a775d229a771c4601e002f09f
:10847c009bfd1f212046fff7f7fd0028f7d010bd0c
:0c848c0078480020f4510020e486002015
:020000040000fa
:1084980008b52c4b1b78012b15d05ab22ab1022be8
:1084a8003cd002f051fc002008bd532848d1264b8f
:1084b80053221a700120254b1860254b09221a6097
:1084c800204b1870f0e721490a68531c0b601e49bd
:1084d8008854092b01d00120e6e7084602f0a2fde6
:1084e8001c4b984210d11c4802f09cfd42f2040338
:1084f800984209d800f10902154b1a6040b1114b96
:1085080002221a700120cfe702f01efc0120cbe7ff
:10851800fdf7f4ff02f018fc0120c5e70b490a68d3
:10852800531c0b6008498854094a1268934201d0c9
:108538000120b9e7fdf7e2ff02f006fc0120b3e7ee
:108548000020b1e769870020d85400201087002058
:0c8558007887002053474657dc54002071
:020000040000fa
:108564002de9f04385b0531e9bb2ff2b53d82d4bfe
:1085740093f81033002b53d12a4b1b78022b01d0d4
:10858400002549e014460f468046961d264ba3fb62
:108594000623f61a03eb5603c3f3870620238df84c
:1085a40008308df80940230a8df80a308df80b60e5
:1085b400ff228df80c208df80d00030a8df80e3083
:1085c400030c8df80f30082300936b444ff46c4177
:1085d400062001f0f5fe0546f0b1dff8489022468a
:1085e400394609f5497002f041fcc9f814830623a1
:1085f40089f81833ff2389f81933a9f81a4389f83d
:108604001c63002389f81d330523a9f81e330123b5
:1086140089f8103300e00025284605b0bde8f08352
:0c8624000025f9e7e874002025499224a5
:020000040000fa
:1086300008b52e4b1b78452b27d006d9532b11d0cc
:10864000572b4cd04c2b1ad008bd3bb1442bfbd13f
:10865000fef7fef9254b00221a70f5e7244b0322a2
:108660001a70f1e7234b5b78312b05d000f054fef4
:108670001e4b00221a70e7e701f066f8f8e7fff7f3
:108680008bfc1a4b44221a70dee71a4b5b78322bb4
:1086900007d0174b1b78032b0ed8dfe803f01c180c
:1086a000150bfdf701fc114b00221a70104b032231
:1086b0001a70c9e7fff78afe0d4b1b78002bc3d059
:1086c000013b0b4a1370bfe7fef73afdf4e7074a98
:1086d00000211170f4e7054b00221a70b4e7fdf792
:1086e00099fd024b00221a70aee700bfe77400202c
:0886f000e5740020d8460020cb
:020000040000fa
:1086f800f8b50546bdf818602e4890f830000028f7
:1087080056d1741ea4b2c72c53d8002b51d0294877
:10871800012480f83040456380f8381080f839200b
:10872800d0f818c165451ed000f58c77384621462b
:1087380050f8042f954217d00134102cf7d1bcf112
:10874800000f29d00124214657f8042f2ab30134f9
:10875800102cf8d1174890f80821511c01f0070196
:1087680080f8081109e00021124a114491f8082103
:10877800501c00f0070081f8080119460d4880f8e0
:108788003a20002380f83b308687c3873246403042
:1087980002f06afb01200ce00021064a01f14600c4
:1087a80042f820501144012281f808210022e4e710
:0887b8000020f8bde874002068
:020000040000fa
:1087c00008b502f0c5fc23490b68234a1360c01aa0
:1087d000224a82fb00c2c017c0eba200204a1060f0
:1087e000184408608b2303fb00f31e4a82fb03122c
:1087f0001a44db17c3eba2231b4a13601b4a527fa8
:1088000093421b4b1b7834bf43f0080303f0f7037c
:10881000174a1370b0f5807f0cdd164bfa221a60f0
:10882000154b4022c3f8982008229a61134b01226d
:108830001a7008bd0f4b1b6823b90f4b4022c3f8b9
:108840009420f6e7013b0b4a13600c4b04221a708c
:10885000efe700bfd8860020f886002067666666ce
:10886000f48600206b09ebb54c850020f451002004
:108870002c870020dc860020008000417c870020bf
:020000040000fa
:10888000f8b58c1e00ebc40416461f460d46d4e90d
:10889000022330463946fff775f9d4e90023fef785
:1088a00025fa022d02460b4645d030463946fff7e1
:1088b00069f954e90223fef719fa032d02460b4623
:1088c00039d032463b46fff75df954e90423fef701
:1088d0000dfa042d02460b462dd030463946fff7df
:1088e00051f954e90623fef701fa052d02460b461d
:1088f00021d030463946fff745f954e90823fef701
:10890000f5f9062d02460b4615d030463946fff7dd
:1089100039f954e90a23fef7e9f9072d02460b4617
:1089200009d030463946fff72df954e90c23fef7fc
:10893000ddf902460b4630463946fff723f9f8bd0c
:020000040000fa
:108940002de9f041294e2a4c4ff00108294f13e040
:10895000226afab1616a236a40469847a36a0133e2
:10896000226b934228bf002314e0a26aedb2bd54eb
:10897000a36294f83430fbb9337e13f0040f32d085
:10898000b56aa36a0133226b934228bf0023e26acf
:108990009a42ddd0e26a9a42eed0726802f0070293
:1089a000012ae2d1a16a4a00e8b207f811000132b7
:1089b000c5f30725bd54dbe702f0e4fa236a002b78
:1089c000dad0616a94f83c3033b1a36b9842d3d3c8
:1089d000236a00209847cfe7a36b9842ccd1236a43
:1089e00000209847c8e7bde8f08100bf0034004090
:0889f000cc830020007b002075
:020000040000fa
:1089f80070b582b0254d264c264e14e0f25c8df8f9
:108a08000620013322699a4298bf0023e3606b680d
:108a180003f00703012b14bf9df80630bdf806309c
:108a2800ab62237dbbb92b7e13f0010f2cd0a2685b
:108a3800e3689a4225d06a6802f00702012addd16c
:108a48005a0016f813108df806100132b25c8df832
:108a580007200133d6e702f005fb2368002be2d09c
:108a68006168237f33b1a3699842dcd3236803206c
:108a78009847d8e7a3699842d5d123680320984737
:108a8800d1e7024b01221a7502b070bd00340040d4
:088a9800cc830020007d0020ca
:020000040000fa
:108aa00008b5234b187801280ed043b21bb1142807
:108ab0002cd0002008bd00231e4a13701e4a1360ec
:108ac0001b4b01221a70f5e71a4b01221a7001f0b4
:108ad0005dfe01f061f808b90020ebe717494ff49b
:108ae0000070fff79ffb164b187038b9124b1b68cc
:108af0001e2b10d80133104a1360dbe70c4b1422f5
:108b00001a700d4b1b681e2b0dd907e0094b002274
:108b10001a700120cee7064b14221a70094a137806
:108b200063f07f0313700020034b1860c2e700bf9f
:108b30005987002063870020c88600207820002005
:088b4000288700202787002090
:020000040000fa
:108b480070b5b4b080f001038df8083000bb002385
:108b58008df80930ea208df80a008df80b30204e88
:108b680002ac072556f8040f2071030a6371abb2f3
:108b7800000ca07103350334222df3d1ff2920d036
:108b880032b302aa4ff4f730fff78ef934b070bd54
:108b980000238df80930e8208df80a008df80b3095
:108ba800104e02ac072500bf56f8040f2071030ac7
:108bb8006371abb2000ca071033503342e2df3d1d1
:108bc800dce71a4602a94ff4f730fff7c7fcdde7e8
:108bd800009302ab06224ff4f730fff789fdd5e783
:088be80064ab0000b4a800001a
:020000040000fa
:108bf00070b504465022002102f060fa224a9369bf
:108c000043f001039361936913f0010ffbd01e4bf6
:108c10009a6942f002029a611c4d2c60a2b242f4a1
:108c20008032c3f8a02004f110026a6092b242f0d0
:108c3000004242f40032c3f8b02004f13002ea608e
:108c400092b242f08072c3f8c02004f140022a615f
:108c500092b242f48032c3f8f02004f14806ae61cb
:108c60000b4a03caa064e1642a8b42f48032c3f841
:108c700088209a6922f001029a611a46936913f0da
:108c8000010ffbd170bd00bf000400420886002028
:048c9000bcb1000073
:020000040000fa
:108c940070b5a4b005460e468222ff2103a802f057
:108ca4000bfa34238df8083008238df80930012499
:108cb4008df80a4000238df80b302022184903a8b0
:108cc40001f0c2fe202217490ba801f0bdfe2022ac
:108cd400154913a801f0b8fe202214491ba801f07d
:108ce400b3fe02238df88c308df88d40ff2d08d013
:108cf4006eb1862302aa29460d48fff7d7f824b09f
:108d040070bd862202a90a48fff72afcf7e78623ea
:108d1400009302ab062229460548fff7ebfceee779
:108d2400acaa0000bcaa0000c8aa0000d0aa000097
:048d340014f0010036
:020000040000fa
:108d380070b504464ff4a472002102f0bbf94ff05d
:108d48008442936943f001039361936913f0010f1f
:108d5800fbd04ff084439a6942f002029a61184da1
:108d68002c60a2b242f0004242f4a022c3f8a02034
:108d780004f15002ea6092b242f02062c3f8c020c7
:108d880004f1f0022a6192b242f42022c3f8f020e2
:108d980004f5a076ae610b4a03cac4f84001c4f8d2
:108da80044112a8b42f48032c3f888209a6922f051
:108db80001029a611a46936913f0010ffbd170bd45
:088dc80024860020ccb100005c
:020000040000fa
:108dd00010b5204b1c78142c39d8dfe804f00b3880
:108de000233829382e383838383838383838383831
:108df0003838330018494ff40070fef729fec0b22e
:108e000018b1144b02221a7010e0144a137843f080
:108e100020031370124b04221a700e4b14221a7086
:108e2000022403e00b4b04221a700024204610bddc
:108e3000084b06221a700024f8e7064b14221a7019
:108e40000024f3e7074b00221a700124eee7002408
:108e5000ece700bf588700207820002027870020fb
:088e60007c87002063870020dd
:020000040000fa
:108e6800f0b583b002f05af91a4b18701a4c1b4e21
:108e78001b4d1c4f08e0fff70bfba8b104e01a4b91
:108e88001a7001233b702b6002f078f8f8b10121c9
:108e98000df1070000f0f6f8012818d19df8070039
:108ea80020703378002be6d12278242ae7d02b686b
:108eb80033b10d49ca545d2a05d0b3f5ae7fe3d866
:108ec80001332b60e0e7094a01211170f5e703b08f
:108ed800f0bd00bf1f8700201c870020648700208a
:108ee800c0860020218700200081002020870020e4
:020000040000fa
:108ef80008b5194b9847194b9847eff3108172b68c
:108f0800174ad2f8883043f47003c2f88830bff3a8
:108f18004f8fbff36f8f01b962b6124a936823f07f
:108f2800010393601346da6812f0010ffbd10d4b71
:108f380024225a6001229a6001f0f0fc0a4b23f0c7
:108f48007f03074a9360094b9847094b9847094b99
:108f58009847fcf7cdfdfee7f1b10000f1b1000044
:108f680000ed00e0006000410020000075a0000056
:088f7800f1b10000f1b10000ad
:020000040000fa
:108f8000f0b5b5b006460f46c822ff2102a802f090
:108f900095f81a4dc822294602a801f09ffd044603
:108fa000c0f1c80292b2164902ab181801f096fd42
:108fb0000444a4b2c4f1c80292b2294602ab181903
:108fc00001f08cfd204483b23bb1ff2e07d067b186
:108fd00002aa31460b48fef76bff35b0f0bd1a46ca
:108fe00002a90848fff7befaf7e7009302ab062292
:108ff00031460448fff780fbefe700bfacaa000052
:08900000c8aa000016f00100ef
:020000040000fa
:109008000138c0b2092836d8b9b32de9f0474ff076
:109018008443d3f8c430c3f30443013001eb001593
:109028000026dff85c904ff001081801d9f80c40d1
:109038002218d1f800a0d1f804e0d1f808c0cf6810
:1090480044f800a0c2f804e0c2f808c0d7601031a4
:1090580008fa03f216430133dbb20a2b08bf0023d8
:109068008d42e2d1bff34f8f4ff08443c3f8d060f5
:109078000120bde8f087002070470020704700bf3e
:04908800248600201a
:020000040000fa
:10908c002de9f0411c4ad36a956a89b30e46ab426e
:10909c0008bf002227d00122dff864c0174ca0f1d2
:1090ac00020e0138144f0ce0e15c81540133396b32
:1090bc00994298bf0023b24214d2511cab4212d039
:1090cc000a46dcf8041001f007010129ecd1590023
:1090dc0014f813800ef812800131615c00f8121044
:1090ec000133e4e71d46044bdd621046bde8f08118
:1090fc001d460a46f7e700bfcc830020007b00200a
:04910c0000340040eb
:020000040000fa
:109110002de9f04104460f46164601f037fb1b4b84
:109120001b781bb900242046bde8f081dff85c8085
:10913000002388f80030164d02232b70230c6b702f
:10914000230aab70ec7001f0a5ff01f033ff32464b
:109150003946281d01f08cfe01f02cff01f02aff9a
:1091600001f028ff01f026ff01f024ff311d284601
:1091700002f006f8044698f80030002bd3d145469b
:1091800001f018ff2b78002bfad0cce77f87002066
:04919000ac530020bc
:020000040000fa
:10919400f8b516461f4600ebc10555e902230c46f7
:1091a40030463946fdf7a0fd32463b46fef7e8fc63
:1091b40055e90423fdf798fd02460b46304639462f
:1091c400fef7defc032c02460b4617d055e90623b6
:1091d400fdf78afd02460b4630463946fef7d0fcc1
:1091e400052c02460b4609d155e90823fdf77cfd01
:1091f40032463b46fef7c4fc02460b46c4eb4474bd
:1092040005ebc40410461946d4e90023fdf76cfdb0
:04921400f8bd00bfe2
:020000040000fa
:109218001c4b1d4a1a604df6ad029a814ff440323c
:109228005a601a46d369002bfcd1164a136843f0da
:1092380002031360d369002bfcd1144b00221a627d
:109248009a62da6283f8342083f83c209a63da87da
:109258001a609a60da601a751a779a61094b5b6826
:1092680003f00703012b094b14bf4ff400724ff4ae
:1092780080721a631a61034b80229a7504229a75c8
:10928800704700bf0034004004011040cc83002028
:020000040000fa
:1092980008b5164bd3f8a03013f4004f12d00023b2
:1092a800134a137013490a7802f07f020a70124aaf
:1092b8001370124a1370124a1360124a1370124a3a
:1092c800137008bd0a4b01221a700a4a137863f01a
:1092d8007f0313700d4b1b7813b1013b0b4a1370be
:1092e800fdf762fafff7a0f9ebe700bf0080004145
:1092f8001e8700203c8700201d870020e77400207f
:10930800c08600202187002064870020e6740020a2
:020000040000fa
:1093180010b51b4a242313705323537030239370c2
:109328005b23d370ff211171164b1b7853710120f9
:109338009071d0710023137250729372d0721373ac
:1093480050739173d17311745174111d123200bf8f
:1093580011f8010b0344dbb29142f9d10a4a1221f8
:109368001160074a93745d23d374144601e001f039
:109378001dfe14212046fef779fe0028f7d010bd07
:0c938800784800205c870020e48600206c
:020000040000fa
:10939400184b1b78002b2bd000b583b0002301930e
:1093a400019a154b9a4207d81a4600bf019b013314
:1093b4000193019b9342f8d9104b1b7823b101f020
:1093c4009ffe03b05df804fb4ff000530c4a1a6093
:1093d4005a609a60da60bff34f8f0a49ca6802f490
:1093e400e062094b1343cb60bff34f8f00bffde72f
:1093f400704700bf678700201fa107006687002011
:0c9404005347465700ed00e00400fa0555
:020000040000fa
:10941000a2b32de9f041174690bb4ff08443d3f837
:10942000a430c3f3052301b301395ffa81f84ff08b
:10943000000cdff850e000e09446def8002002eb7c
:109440000312166855689468d2683e607d60bc60ff
:10945000fa608c4509d010370133dbb2052b08bf09
:1094600003460cf10102c445e6d103f03f034ff07f
:109470008442c2f8a8300120bde8f0810020704786
:089480000020f9e7248600201a
:020000040000fa
:109488001b4b1b7d002b31d010b5194a93685168ce
:10949800184a127e12f0010f15d0994213d91549b6
:1094a80013484a6802f00702012a026814bfd25c16
:1094b80032f813208a62013344680a7e12f0010fe1
:1094c80001d09c42edd80a4a936052689a420cd85f
:1094d800074b00221a755a60064a01211175db688c
:1094e8001bb1034b1869db68984710bd704700bf74
:0894f8008084002000400141c6
:020000040000fa
:109500001b4b1b7d002b31d010b5194a9368516855
:10951000184a127e12f0010f15d0994213d915493d
:1095200013484a6802f00702012a026814bfd25c9d
:1095300032f813208a62013344680a7e12f0010f68
:1095400001d09c42edd80a4a936052689a420cd8e6
:10955000074b00221a755a60064a01211175db6813
:109560001bb1034b1869db68984710bd704700bffb
:08957000b08400200004004358
:020000040000fa
:1095780000b585b000230093019340238df8033094
:10958800009b164a126862f31c03009308238df8a7
:109598000630134b1a788df808205a788df8092070
:1095a8009a788df80a20da788df80b201a798df8d8
:1095b8000c205a798df80d209a798df80e20db79d8
:1095c8008df80f3069460120fff71afd10b105b07c
:1095d8005df804fb01f0d5f9f9e700bfc486002067
:0495e800cc4900204a
:020000040000fa
:1095ec00f8b506460f461546154b1b782bb9144c8f
:1095fc0001f0dafc2378002bfad012480323037015
:10960c00330c4370330a8370c6700f4b4ff4806277
:10961c005a610b4c002323702b1d0c4a0421fdf7bf
:10962c0049ff237823b901f0bffc2378002bfad033
:10963c002a460749384601f015fca8b2f8bd00bf10
:10964c007f870020ac530020008000418052002016
:04965c008452002014
:020000040000fa
:10966000f8b506460f461546154b1b782bb9144c1a
:1096700001f0a0fc2378002bfad0124803230370da
:10968000330c4370330a8370c6700f4b4ff4806203
:109690005a610b4c002323702b1d0c4a0421fdf74b
:1096a0000fff237823b901f085fc2378002bfad033
:1096b0002a460749384601f0dbfba8b2f8bd00bfd7
:1096c0007f870020ac5300200080004180520020a2
:0496d00084520020a0
:020000040000fa
:1096d400f8b506460f461546154b1b782bb9144ca6
:1096e40001f066fc2378002bfad0124803230370a0
:1096f400330c4370330a8370c6700f4b4ff480628f
:109704005a610b4c002323702b1d0c4a0421fdf7d6
:10971400d5fe237823b901f04bfc2378002bfad033
:109724002a460749384601f0a1fbe8b2f8bd00bf5c
:109734007f870020ac53002000800041805200202d
:04974400845200202b
:020000040000fa
:1097480010b51a4a2423137053235370312393708e
:109758005b23d37001211171002353719171d3716f
:10976800022111725372ff219172d17211735173d8
:109778009173d17311745174111d123211f8010bc8
:109788000344dbb29142f9d1094a12211160074a18
:1097980093745d23d374144601e001f007fc14218f
:1097a8002046fef763fc0028f7d010bd784800205b
:0497b800e486002023
:020000040000fa
:1097bc00f8b5b1b107460e46fef756fc044601f06b
:1097cc00f3fb40f2cf75a6420bd9311b3819fef7cb
:1097dc004bfc044401f0e8fb013df4d1a64200d956
:1097ec00f8bd0f4b02221a764ff4fa6401f0ecfc30
:1097fc0018b101f0d9fb013cf8d1094b1b7e13f0d9
:10980c00020fedd101f0d0fb40f2cf74044d2b7e52
:10981c0013f0020fe4d101f0c7fb013cf7d1dfe7f5
:04982c0000340040c4
:020000040000fa
:10983000f0b41b4c94f81546082c24d0184f97f818
:1098400015c697f81456654405f007056e0074199f
:1098500007ebc40484f85405c4f8581584f85c2553
:1098600084f85d359df8103084f85e359df814302d
:1098700084f85f35002384f860350cf1010c87f81b
:1098800015c6f0bc7047064d95f81446013404f037
:10989000070485f81446072485f81546cee700bf6f
:0498a000e874002048
:020000040000fa
:1098a40010b584b01848d0f838354ff6ff7293429b
:1098b40028bf13468df80830c3f307238df8093009
:1098c40090f840158df80a10ff228df80b208df8c2
:1098d4000c208df80d208df80e208df80f2001310d
:1098e4008b080a4ca4fb0343db08c3eb8313a1ebf3
:1098f400830380f84035082300936b440449072010
:1099040000f05efd04b010bde87400202108822040
:0499140011f001004d
:020000040000fa
:1099180010b501f0fbfbc0b2104b187048b1002322
:109928000f4a13700f4a13700f4a13700f4a1370bf
:1099380010bd0f4b01221a700e4b1b78312b07d824
:109948000d4a0e4c07ca03c422800a33094a137011
:109958000a21094800f0d6feeae700bf3887002050
:109968003287002054870020558700205387002025
:109978005a870020378700207c8600204c840020ee
:020000040000fa
:1099880008b501f0d3fb144b1870144b1b78242b2b
:109998000ed0134a12789ab10a2b16d0114a1278af
:1099a80011498b54512a0bd801320e4b1a7007e01b
:1099b8000d4b24221a700123094a1370094a1370a7
:1099c8000a21064800f0befe08bd084b01221a70a5
:1099d800034b00221a70f3e73087002088860020a6
:1099e800558700202f870020288300202e870020fd
:020000040000fa
:1099f80008b5174b93f82c30cbb1154bda691b6ab5
:109a0800934214d2124b986a124a916a1b6a52689e
:109a180002f00702012a0e4a926914bfd15422f8b3
:109a2800131001330a4a1362d2699a4200d008bd62
:109a3800074b002283f82c20da61064a842111752d
:109a48005b6a002bf3d0024b5b6a9847efe700bfd5
:089a5800808400200040014160
:020000040000fa
:109a600008b5174b93f82c30cbb1154bda691b6a4c
:109a7000934214d2124b986a124a916a1b6a526836
:109a800002f00702012a0e4a926914bfd15422f84b
:109a9000131001330a4a1362d2699a4200d008bdfa
:109aa000074b002283f82c20da61064a84211175c5
:109ab0005b6a002bf3d0024b5b6a9847efe700bf6d
:089ac000b08400200004004303
:020000040000fa
:109ac800034600f1900100225a679a67da67c3f8e3
:109ad8008020c3f88420c3f88820c3f88c2018336a
:109ae8008b42f1d10023c0f81c31c0f82031c0f8f6
:109af8002431c0f82831c0f82c31c0f83031c0f812
:109b08003431c0f83831c0f83c31c0f84431c0f8bd
:109b18004031c0f84831c0f84c31c0f85031c0f875
:089b28006431c0f86831704798
:020000040000fa
:109b300000b585b0134bda7a134b53f822308df809
:109b40000830124b1b688df80930c3f307238df8da
:109b50000a300f4b1b688df80b30c3f307238df8c9
:109b60000c30ff228df80d208df80e208df80f207f
:109b7000082300936b440749062000f023fc05b03e
:109b80005df804fbf451002050860020008700207f
:089b900004870020bbff010067
:020000040000fa
:109b9800f8b5154c0523237001f078fa134b002211
:109ba8001a700223124a01212046fdf785fc0f4a4c
:109bb8001378002bfcd00e4d0b4e05270b4c6b7801
:109bc80013f0010f0ed0377001f060fa00232370f4
:109bd80002232a4601213046fdf76efc2378002b2c
:109be800fcd0ece70120f8bdac5300207f870020b3
:049bf8008052002077
:020000040000fa
:109bfc00f8b504460f46164600f0c2fd134b1b7811
:109c0c000bb90020f8bd114b00221a70104d022325
:109c1c002b70230c6b70230aab70ec7001f034fad0
:109c2c0001f0c2f932463946281d01f01bf901f04a
:109c3c00bbf901f0b9f901f0b7f901f0b5f901f090
:109c4c00b3f9311d284601f095fadbe77f87002038
:049c5c00ac530020e5
:020000040000fa
:109c6000f0b59df814e08a4224d2845c9c4223d94a
:109c7000013292b29bb10ef101068c4694198c42ce
:109c80001cd8013bddb2002337463a4492b2ab42c6
:109c900005d0013394196445f7d90020f0bd0ef1c9
:109ca000010e96448e450bd8815c069b19700132db
:109cb0001044f3e70020f1e70020efe70020ede794
:049cc0000020ebe7ae
:020000040000fa
:109cc40000b585b0134b1b688df80830c3f3072328
:109cd4008df80930104bd3e9000100f0d3ff80b2b6
:109ce4008df80a00000a8df80b000c4b1b788df8d8
:109cf4000c30ff228df80d208df80e208df80f20ea
:109d0400082300936b440649062000f059fb05b074
:109d14005df804fbd4860020a88600204e8700202e
:049d2400baff010081
:020000040000fa
:109d2800144b01229a611a46936913f0010ffbd074
:109d3800104b9a6942f002029a610f4ada612822ae
:109d4800c3f880206ff06042c3f890209a6922f02f
:109d580001029a611a46936913f0010ffbd1074b70
:109d680000221a605a609a60da601a615a619a6130
:109d7800704700bf00040042020b0204088600205e
:020000040000fa
:109d88004ff0844301229a611a46936913f0010f38
:109d9800fbd04ff084439a6942f002029a610e4a5e
:109da800da610822c3f880206ff06042c3f890207f
:109db8009a6922f001029a611a46936913f0010f19
:109dc800fbd1064b00221a605a609a60da601a6169
:109dd8005a619a61704700bf020b02042486002072
:020000040000fa
:109de80000b585b0114b1b788df80830104b1b78e7
:109df8008df809300f4b1b788df80a300e4b1b7805
:109e08008df80b30ff228df80c208df80d208df881
:109e18000e208df80f20082300936b440749062075
:109e280000f0ccfa05b05df804fb00bf3b870020ca
:109e3800618700204d8700204a870020b9ff010074
:020000040000fa
:109e4800000000000000000065732d3852c1e03f9b
:109e5800182d4454fb21f93f66732d3852c1f03f49
:109e6800e21c0651a6602bc0cbbce2b97f8134c08e
:109e7800636a8d5c3ffd20c0bd87b1d97acdeabf4a
:109e8800a995c4bc7c884440a56d0b04128a554032
:109e9800d7a30d320aca4d4010c74ae1490c2e40db
:020000040000fa
:109ea800154b01221a801a46136b13f0010ffbd1d0
:109eb8004ff080131b689a0c02f07002d90a01f463
:109ec800e0610a43c3f302431a430b4ba3f848204b
:109ed8004ff400721a800322da7283221a724ff446
:109ee800c0529a800222da80072283f82e201a466e
:0c9ef800136b002bfcd1704700200043ce
:020000040000fa
:109f0400154b01221a801a46136b13f0010ffbd173
:109f14004ff080131b681a0902f07002d90001f493
:109f2400e0610a43c3f382031a430b4ba3f84820ae
:109f34004ff400721a800322da7283221a724ff4e9
:109f4400c0529a800222da80072283f82e201a4611
:0c9f5400136b002bfcd17047001c004375
:020000040000fa
:109f600008b50e4b1a680e4ba3fb0232c2f3c702b0
:109f70000c4b0d4919600d4b1a700d4a12785a702e
:109f80000c4a12789a700c4a1278da7000221a7110
:109f90005a719a71da71fff7effa08bde086002076
:109fa000cdccccccc4860020f056ff18cc49002084
:0c9fb00034870020868600208786002071
:020000040000fa
:109fbc00154b93f8583123b1134bd3f85c319842bd
:109fcc000ad0114b93f83432e3b10f4bd3f838323b
:109fdc0083420ed0002070470b4b93f860318b42bc
:109fec00efd10020084bdc2202fb003000f5ac70f6
:109ffc007047054b93f83c328b4208bf0120f1d0df
:0ca00c000020704700207047e87400201e
:020000040000fa
:10a0180000b585b0114b1b688df808301a0a8df809
:10a0280009201a0c8df80a201b0e8df80b300c4bea
:10a038001b788df80c300b4b1b788df80d30ff22f8
:10a048008df80e208df80f20082300936b440649e5
:10a05800062000f0b3f905b05df804fbd0860020b7
:0ca068005f8700207f840020bcff010007
:020000040000fa
:10a074000e4a38b5002313600d4a0e4c13600e4a85
:10a084000e4d13600e4a13600e4a13600e4a53625b
:10a0940013610123936001f0abf801f0a9f8ac421d
:10a0a40000d338bd54f8043b9847f8e718870020dc
:10a0b400888300206c22000084830020702200002a
:0ca0c4007c830020808300208c8300201f
:020000040000fa
:10a0d00008b5144b9b7df3b1124a137edbb2927d1f
:10a0e00012f0800f18d10f4a137edbb2927d12f06e
:10a0f000010f04d013f0010f01d0fff7c5f9094a91
:10a10000137edbb2927d12f0040f04d013f0040f23
:10a1100001d0fff771fc08bd13f0800fe3d000f011
:08a1200091fbe0e70040014162
:020000040000fa
:10a1280008b5144b9b7df3b1124a137edbb2927dc6
:10a1380012f0800f18d10f4a137edbb2927d12f015
:10a14800010f04d013f0010f01d0fef751fc094aaa
:10a15800137edbb2927d12f0040f04d013f0040fcb
:10a1680001d0fef7e9fb08bd13f0800fe3d000f043
:08a178004df9e0e7003400405e
:020000040000fa
:10a1800008b5144b9b7df3b1124a137edbb2927d6e
:10a1900012f0800f18d10f4a137edbb2927d12f0bd
:10a1a000010f04d013f0010f01d0fff7a9f9094afc
:10a1b000137edbb2927d12f0040f04d013f0040f73
:10a1c00001d0fff74dfc08bd13f0800fe3d000f085
:08a1d00055fbe0e70004004329
:020000040000fa
:10a1d800134b01221a801a46136913f0010ffbd1a1
:10a1e8000f4b48f280121a801a46136913f4004f75
:10a1f800fbd10b4b4ff400721a621a46136913f025
:10a20800200ffbd1064b00225a621a46136913f03d
:10a21800400ffbd1024b4ff480725a81704700bf48
:04a2280000240040ce
:020000040000fa
:10a22c00114b124a1a604ff6b9429a814ff44032e0
:10a23c005a601a46d369002bfcd10b4a136843f0c1
:10a24c0002031360d369002bfcd1094b00229a61e5
:10a25c00da611a6283f82c205a621a605a609a608a
:10a26c001a75da60da85704700400141040110402c
:04a27c0080840020ba
:020000040000fa
:10a28000114b124a1a604ff65c629a814ff44032c9
:10a290005a601a46d369002bfcd10b4a136843f06d
:10a2a00002031360d369002bfcd1094b00229a6191
:10a2b000da611a6283f82c205a621a605a609a6036
:10a2c0001a75da60da857047000400430401104013
:04a2d000b084002036
:020000040000fa
:10a2d40008b50d4b0d4a1a600d490a680d4b0e481e
:10a2e400007818700d48408b5870100c1871100ac3
:10a2f400d8709a704a68110cd971110a99715a71ff
:10a30400fff738f908bd00bfc4860020f0d1ff0074
:10a3140074280020cc4900205c870020a451002030
:020000040000fa
:10a32400114b1b780bb90020704770b516460d46cb
:10a334000d4b00221a700d4c02232370030c637022
:10a34400030aa370e07000f033fe00f0a1fe324671
:10a354002946201d00f08afd00f02afe311d20460a
:10a3640000f00cff70bd00bf7f870020ac530020bd
:020000040000fa
:10a37400f0b583b00746104b9e68dd680df1ff34dd
:10a38400002300bfc3f12000a3f1200126fa03f249
:10a3940005fa00f0024325fa01f10a4304f8012ffb
:10a3a4000833402beed1082269460448384300f0b4
:10a3b40049f903b0f0bd00bfe874002000ffee18b7
:020000040000fa
:10a3c400b0b50f46114c2478022c06bf0f4991f802
:10a3d40001c04ff0fe0cc7f307243d0cef2c94bfd3
:10a3e4001746ffb22d0605f0807545ea044584063c
:10a3f40004f0e054254345ea0c009df8102019466a
:10a4040040ea072000f01ef9b0bd00bfe874002048
:020000040000fa
:10a4140008b5104b5b8b13f0070300d108bd0e4a3f
:10a42400d3870c4b80221a7607225a831b7e13f0a3
:10a43400040f05d0074b9a6a1a7e12f0040ffad162
:10a44400054b1b6a002be9d0034b596a1b6a022097
:0ca454009847e3e700340040cc83002070
:020000040000fa
:10a46000c1f30a5340f21e42d21a0edd202a0ad846
:10a47000cb0243ea505040f00040d04090eae170f7
:10a48000b0ebe1707047002070474b00004218bfee
:10a4900043f0010313f5001f88bf21f0004111f0c4
:0aa4a000004058bf6ff00040704705
:020000040000fa
:10a4aa002de9d04359ec118b044611ee102a4b4684
:10a4ba0051ec100b00f091fe06460f4654b12046af
:10a4ca0000f0dffc02460b4630463946fcf728fd11
:10a4da0006460f4642464b4630463946fcf701fcd3
:08a4ea0041ec100bbde8d0832a
:020000040000fa
:10a4f20008b500f032fefdf7a0f8fdf750f9fff7be
:10a5020094fefef788fe00f07ef900f013f8fff7e4
:10a512000afc00f042fd00f04afefff7b0fefff732
:10a5220032fcfff758fefff7ecfcfff7bcfcfdf72f
:04a53200c0fb08bda5
:020000040000fa
:02a5360070476c
:020000040000fa
:10a538000c4b1b680c4a52899a421cbf0a4a538129
:10a548000a4b1b68084a92889a421cbf064a9380a5
:10a55800054a538b43f001035383054b0a221a70b3
:10a56800704700bfb0860020a4510020c48200209c
:04a578002587002013
:020000040000fa
:10a57c0008b50023084a1370084a1370084a136080
:10a58c00084a1360084a1370084a1370084b51228a
:10a59c001a7000f0d7fb08bd658700206887002083
:10a5ac00088700200c870020678700206687002022
:04a5bc008087002074
:020000040000fa
:10a5c0000138092817d8dfe800f01805080a0c162a
:10a5d0000e10121440f2ff707047072070471f20c2
:10a5e0007047ff2070477f2070470f20704707207b
:10a5f000704701207047002070470148704700bf36
:04a60000ffff1f0039
:020000040000fa
:10a6040010b586b00d4802ab06ac0168c26819707b
:10a61400c1f3072159709a70c2f30722da7010301f
:10a624000433a342f1d11023009302ab0622ff218d
:10a634000348fef75ff806b010bd00bf0c8400208d
:04a64400b8ff01005a
:020000040000fa
:10a6480000b585b0002301930293039360f31c03c4
:10a6580000931b0e43f040038df803304ff00003c6
:10a6680062f303038df8063029b1082a28bf0822af
:10a6780002a800f0f9fb69460120fef7c1fc05b00d
:04a688005df804fb7a
:020000040000fa
:10a68c0010b5054c227832b9044b13b10448aff322
:10a69c0000800123237010bdec8500200000000019
:10a6ac000000000008b5034b1bb103490348aff38e
:10a6bc00008008bd00000000f085002000000000b4
:020000040000fa
:10a6cc0010b40d4b00221a80031f00f5fe74081afb
:10a6dc000430c21853f8041f1160a342f9d1074b80
:10a6ec001b8803f030031bb9044b4af203529a80c7
:10a6fc0001205df8044b70475e8200200040004151
:020000040000fa
:10a70c00b8b138b505460c4a92f82c200ab1002095
:10a71c0038bd0c4600f04cf9074b9d61dc61002202
:10a72c001a62012083f82c00da85044b84229a7576
:10a73c00eee70020704700bf8084002000400141fc
:020000040000fa
:10a74c00b8b138b505460c4a92f82c200ab1002055
:10a75c0038bd0c4600f044f9074b9d61dc610022ca
:10a76c001a62012083f82c00da85044b84229a7536
:10a77c00eee70020704700bfb084002000040043c7
:020000040000fa
:10a78c0010b50d4b00221a700c4b06221a7000f0fb
:10a79c007bfc0a4c0121204600f0ecfc0028f9d08f
:10a7ac00054b1b782bb9044c00f0fefb2378002bd7
:10a7bc00fad000f00dfd10bd7f870020ac530020b7
:020000040000fa
:10a7cc0008b50c4b1b681bb10a4b58681b689847a3
:10a7dc004ff0804345f6ff721a614ff6ff725a61d3
:10a7ec00054a9a6147f6fb72da6140f6ff721a620b
:0ca7fc0008bd00bf94860020bf7e010055
:020000040000fa
:10a808000b4b00221a621a779a60da60094b4ff4f0
:10a8180000325a601a46d369002bfcd1054b00223e
:10a828001a73054a1a601a46d369002bfcd170477f
:0ca83800e0840020003000400e003000e2
:020000040000fa
:10a844000b4b5b8b13f0070300d1704710b5094c19
:10a85400e38500f0b1f8064b84221a75002384f8ce
:10a864002c30636a13b1a06a636a984710bd00bfb5
:08a87400004001418084002036
:020000040000fa
:10a87c000b4b5b8b13f0070300d1704710b5094ce1
:10a88c00e38500f0adf8064b84221a75002384f89a
:10a89c002c30636a13b1a06a636a984710bd00bf7d
:08a8ac0000040043b084002009
:020000040000fa
:10a8b40000e8000000ee000000ee010011f00100cd
:10a8c40014f0010016f0010000ed010000ec00009e
:10a8d40000eb0000b8ff0100b9ff0100baff01005e
:08a8e400bbff0100bcff0100f5
:020000040000fa
:04a8ec0001030c0058
:020000040000fa
:10a8f00010b50b4c4ff4c3620021204600f0defb84
:10a900002323637004a3d3e90023c4e902234ef692
:10a910006023c4f8383510bd0100c0ff008278c044
:04a92000e8740020b7
:020000040000fa
:10a9240070b50a480a4d4ff6ff76016811b94368bd
:10a9340003b970bd83684268334000f10c0455f8d4
:10a9440023302046984704eb8000eee7e0480000ff
:04a95400a8b00000a7
:020000040000fa
:10a958004ff4001c1ceb410f98bf1ceb430f0cd8a5
:10a9680050ea410c08bf52ea430c08d0904208bf95
:10a9780099420cbf01200020704700207047012039
:02a98800704716
:020000040000fa
:10a98a004ff08443586c20f4605020f018004004c3
:10a99a00400c9b6913f0010f09d04ff08442936970
:10a9aa0023f001039361936913f0010ffbd1704700
:020000040000fa
:02a9ba00fee7b6
:020000040000fa
:10a9bc000a4b5b8b13f0070f0ed0084b80221a76d4
:10a9cc0007225a831b7e13f0040f05d0034b9a6a9f
:10a9dc001a7e12f0040ffad1704700bf00400141fb
:020000040000fa
:10a9ec000a4b5b8b13f0070f0ed0084b80221a76a4
:10a9fc0007225a831b7e13f0040f05d0034b9a6a6f
:10aa0c001a7e12f0040ffad1704700bf0004004305
:020000040000fa
:10aa1c00084b1b68084a128a9a421cbf064a1382ca
:10aa2c00054a538b43f002035383044b0a221a70da
:10aa3c00704700bfb8860020a45100202587002055
:020000040000fa
:10aa4c0070b504460e461546084600f0ddfa75b1a1
:10aa5c0080b2621e0023402499b288428cbff15c04
:10aa6c00214602f8011f013399b28d42f4d870bd12
:020000040000fa
:10aa7c0010b582b004464268084b9a4203d00023ba
:10aa8c00237002b010bd00230093838900f11202e1
:10aa9c00417a007af9f7eafbf1e700bf00ed01001b
:020000040000fa
:10aaac005361696c47617567652053474d303100c0
:10aabc00283155292e283055290000005265762062
:10aacc00312e320030303030303030303031000008
:020000040000fa
:10aadc00f8b506460d461746084600f095fa841c54
:10aaec00a4b2bc4202d900242046f8bd3470012324
:0eaafc00737082b22946b01c00f0b4f9f4e782
:020000040000fa
:02ab0a00fee764
:020000040000fa
:10ab0c0008b5084b9a8992b207494a604cf2ff3259
:10ab1c009a819b890b6823b10b46486889681b682e
:0cab2c00984708bd0024004070860020ff
:020000040000fa
:10ab3800074b1b7843b9074b1b783bb9064b186882
:10ab4800003018bf0120704701207047012070476e
:0cab580069870020678700200887002024
:020000040000fa
:10ab640000ea000000ee0000d8fe000000ed010045
:10ab740000ec000000eb000012f101000bf50100f5
:08ab840002f8010002fd0100ce
:020000040000fa
:10ab8c00074a93889bb2014323f4f85323f01f0325
:10ab9c000b439380136b13f0040ffbd1704700bf72
:04abac000020004342
:020000040000fa
:10abb000074b93f82e3003f00103002b14bf012044
:10abc000002003d0024b012283f82e20704700bfe3
:04abd000002000431e
:020000040000fa
:10abd400074b93f82e3003f00103002b14bf012020
:10abe400002003d0024b012283f82e20704700bfbf
:04abf400001c0043fe
:020000040000fa
:10abf800064b33f810308b4207d07c2805d8034b1e
:10ac080023f81010024b09221a707047a050002038
:04ac1800258700206c
:020000040000fa
:10ac1c00064b33f810308b4207d0152805d8034b60
:10ac2c0023f81010024b0a221a707047a45100200e
:04ac3c002587002048
:020000040000fa
:10ac4000064b53f820308b4207d0062805d8034b1b
:10ac500043f82010024b0f221a707047742800200e
:04ac60002587002024
:020000040000fa
:10ac6400fb280cd842090649043200f01f000123d6
:10ac740003fa00f051f82230184341f822007047db
:04ac8400e874002050
:020000040000fa
:10ac88000b0d40f21e42d21a09dbcb0243ea5050a8
:10ac980040f00040202a28bf2022d04070474900b9
:04aca8008041704730
:020000040000fa
:10acac0010f0004160b148bf40420a0d02f21d4253
:10acbc00b0fa80f3d21a9840c30a400503eb025154
:02accc007047cf
:020000040000fa
:02acce00fee79f
:020000040000fa
:10acd0000549088a054b1a8802431a801a8892b2dd
:10ace0000a821888704700bf004000415e82002041
:020000040000fa
:10acf00008b50021044800f03dfa00f06ffa034b5c
:10ad000001221a7008bd00bfe5af00007f87002058
:020000040000fa
:10ad1000054b1b5c8b4206d02a2804d8024b1954e1
:10ad2000024b08221a707047f4510020258700203a
:020000040000fa
:10ad300000b583b0054b1b68019304210deb0100a6
:10ad4000fdf798f903b05df804fb00bfeca8000024
:020000040000fa
:10ad50000023044a1370044a1360044b09221a604a
:10ad6000704700bf69870020108700207887002087
:020000040000fa
:10ad700030b94ff08443d3f8a40000f07f0070474f
:0ead80004ff08443d3f8b40000f07f0070471a
:020000040000fa
:10ad8e0010b50023934206d113f0030018bf012023
:0ead9e0000eb930010bdc45ccc540133f2e70f
:020000040000fa
:10adac00044b00221a80044b58614af201529a80db
:0cadbc00012070475e8200200040004132
:020000040000fa
:10adc800054b03f12b01002013f8012f10448b428f
:0cadd800fad1c0b2704700bff351002058
:020000040000fa
:10ade400054b03f1fa01002033f8022f10448b4283
:0cadf400fad1c0b2704700bf9e50002092
:020000040000fa
:10ae0000054b03f12c01002033f8022f10448b4234
:0cae1000fad1c0b2704700bfa251002070
:020000040000fa
:10ae1c00054b03f11401002033f8022b10448b4234
:0cae2c00fad1c0b2704700bf942800208b
:020000040000fa
:10ae3800054b03f10e01002033f8022f10448b421a
:0cae4800fad1c0b2704700bfaa28002059
:020000040000fa
:10ae5400054b03f11c01002053f8042f10448b42ce
:0cae6400fad1c0b2704700bf7028002077
:020000040000fa
:10ae70005ab110b40a44431e11f8014b03f8014fb4
:0cae80009142f9d15df8044b7047704717
:020000040000fa
:10ae8c0050b140f21d42b0fa80f1521a8840c30a08
:0cae9c00400503eb0251704701007047b5
:020000040000fa
:10aea80000b583b00193003318bf0123009300233a
:0aaeb800fef7bafc03b05df804fbde
:020000040000fa
:02aec200fee7a9
:020000040000fa
:10aec400044a138843f002031380136b13f0020f38
:08aed400fbd170470020004390
:020000040000fa
:10aedc00044a137d43f002031375136b13f4006fd4
:08aeec00fbd170470020004378
:020000040000fa
:10aef400044a138843f002031380136b13f0020f08
:08af0400fbd17047001c004363
:020000040000fa
:10af0c00044a137d43f002031375136b13f4006fa3
:08af1c00fbd17047001c00434b
:020000040000fa
:10af2400044a138843f002031380136913f0020fd9
:08af3400fbd17047002400402e
:020000040000fa
:10af3c00044a536843f400335360d369002bfcd1ab
:08af4c00704700bf0040014105
:020000040000fa
:10af5400044a536823f400335360d369002bfcd1b3
:08af6400704700bf00400141ed
:020000040000fa
:10af6c00044a9368d06883423ebf024a12699b1818
:08af7c00181a7047cc83002075
:020000040000fa
:10af8400044bd86a9b6a984282bf024a126b9b1890
:08af9400181a7047cc8300205d
:020000040000fa
:10af9c00044b00221a609a6042f6df625a60042267
:08afac001a60704710e000e09c
:020000040000fa
:10afb400044b9b6813f0100f02d1024ba5221a73a5
:08afc400704700bf00200040af
:020000040000fa
:10afcc00303800eb8000303901eb400000eb8000a2
:08afdc00303a02eb400070471f
:020000040000fa
:10afe400034b4ff480629a61024b01221a7070473e
:08aff400008000417f8700206e
:020000040000fa
:10affc0000b583b08df8070001210df10700fef7b5
:08b00c00d7fb03b05df804fb63
:020000040000fa
:10b0140003783bb1034600bf13f8012f002afbd18c
:08b02400181a70471846704726
:020000040000fa
:10b02c00427883781b0443ea022302781343c078e6
:06b03c0043ea00607047ca
:020000040000fa
:02b04200fee727
:020000040000fa
:10b04400034b588a80f0010000f00100704700bff4
:04b054000040004177
:020000040000fa
:10b05800034b18621a46136913f0200ffbd170478f
:04b068000024004080
:020000040000fa
:10b06c0010b5034b1c69fff77bff013c201a10bd88
:04b07c00cc83002061
:020000040000fa
:10b0800010f4807f02d0024b01221a70704700bf7b
:04b0900049870020cc
:020000040000fa
:10b09400034b4ff480625a6100bf00bf00bf70478a
:04b0a40000800041e7
:020000040000fa
:10b0a800d1b000008fad0000edb10000edb100009f
:04b0b800edb10000f6
:020000040000fa
:10b0bc0032b1c9b20244034603f8011b9342fbd1df
:04b0cc00704700bf0a
:020000040000fa
:10b0d0000a440023914201d10020704701f8013b4e
:02b0e000f8e78f
:020000040000fa
:10b0e2004ff084431b6d034214bf012000207047c0
:020000040000fa
:02b0f200fee777
:020000040000fa
:10b0f400024b58614af212529a8070470040004154
:020000040000fa
:10b10400024b4af217529a80704700bf0040004138
:020000040000fa
:10b11400024bd88d0022da85704700bf808400205e
:020000040000fa
:10b12400024bd88f0022da87704700bfcc830020ff
:020000040000fa
:10b13400024bd88d0022da85704700bfb08400200e
:020000040000fa
:0cb14400014bb3f84000704700200043ae
:020000040000fa
:0cb15000014bb3f840007047001c0043a6
:020000040000fa
:0cb15c00014b04221a80704700400041a3
:020000040000fa
:0cb16800014b1860996070477086002051
:020000040000fa
:0cb17400014b186259627047e084002013
:020000040000fa
:0cb1800008b500231a46fcf79bf908bd37
:020000040000fa
:0cb18c00014b58629962704780840020db
:020000040000fa
:0cb19800014b586299627047b08400209f
:020000040000fa
:0cb1a400401a0ab190fbf2f0084470471a
:020000040000fa
:0ab1b0004ff0804301225a727047ed
:020000040000fa
:02b1ba00fee7ae
:020000040000fa
:08b1bc0000000040ffffff1f2f
:020000040000fa
:08b1c4004ff084431865704749
:020000040000fa
:08b1cc0000000020ffffff1f3f
:020000040000fa
:08b1d40008b5fff7c9fe08bd34
:020000040000fa
:08b1dc0000bf00bf00bf704777
:020000040000fa
:08b1e40083f00043fbf780bd7e
:020000040000fa
:04b1ec000020704788
:020000040000fa
:02b1f0007047a6
:020000040000fa
:02b1f2007047a4
:020000040000fa
:02b1f4007047a2
:00000001FF
